audio_file,file_id,label
{'toxic_7cdedcc15fd14c7fb4b9e9e6a2fef93e.wav'},{'7cdedcc15fd14c7fb4b9e9e6a2fef93e'},toxic
{'toxic_f9e363b666bf4961a6d199c9eb8486a1.wav'},{'f9e363b666bf4961a6d199c9eb8486a1'},toxic
{'toxic_c1b9df19475b4cbd973702245100d156.wav'},{'c1b9df19475b4cbd973702245100d156'},toxic
{'toxic_0329e32ade2b489dad8c63ac62c0421f.wav'},{'0329e32ade2b489dad8c63ac62c0421f'},toxic
{'toxic_99559b5fa663401ea76b44ef60ab86e1.wav'},{'99559b5fa663401ea76b44ef60ab86e1'},toxic
{'toxic_a6e4ae3458bf40d4be3b3b94d00b8ee0.wav'},{'a6e4ae3458bf40d4be3b3b94d00b8ee0'},toxic
{'toxic_6eccb3fa98c9458e8a1c1de251d4123c.wav'},{'6eccb3fa98c9458e8a1c1de251d4123c'},toxic
{'toxic_5007ec877fad48c4bc58ce05fb503eb4.wav'},{'5007ec877fad48c4bc58ce05fb503eb4'},toxic
{'toxic_dfdafee12f31454991f916f013d80e39.wav'},{'dfdafee12f31454991f916f013d80e39'},toxic
{'toxic_73202f38cb414980a88bf2a793f09ca3.wav'},{'73202f38cb414980a88bf2a793f09ca3'},toxic
{'toxic_d0d70f946ef14944bef4bbb12e24aca4.wav'},{'d0d70f946ef14944bef4bbb12e24aca4'},toxic
{'toxic_d95376c28b4745adbfb4cdfe0675edc8.wav'},{'d95376c28b4745adbfb4cdfe0675edc8'},toxic
{'toxic_86678a3fc3404da4bc6c337dca0aa2ec.wav'},{'86678a3fc3404da4bc6c337dca0aa2ec'},toxic
{'toxic_6e7187b2d65c44e8981dad0434bac205.wav'},{'6e7187b2d65c44e8981dad0434bac205'},toxic
{'toxic_5bc2a817dc1446dfb2fee2a8911495b0.wav'},{'5bc2a817dc1446dfb2fee2a8911495b0'},toxic
{'toxic_59adbf109b73451c8cc8f154cbf276ad.wav'},{'59adbf109b73451c8cc8f154cbf276ad'},toxic
{'toxic_3ae76cf0963946aaa37c6aedf7baf4d7.wav'},{'3ae76cf0963946aaa37c6aedf7baf4d7'},toxic
{'toxic_5d8bf01473984b099194592abd40d375.wav'},{'5d8bf01473984b099194592abd40d375'},toxic
{'toxic_3df7e3a199e84c94a9cecbdef0cbafb4.wav'},{'3df7e3a199e84c94a9cecbdef0cbafb4'},toxic
{'toxic_95b92679851d4e00a4a0ef805c67d01c.wav'},{'95b92679851d4e00a4a0ef805c67d01c'},toxic
{'toxic_b68362ace7624ddf89db03ce87231fbd.wav'},{'b68362ace7624ddf89db03ce87231fbd'},toxic
{'toxic_8cec74d180344795b92869bc650ee38d.wav'},{'8cec74d180344795b92869bc650ee38d'},toxic
{'toxic_c17cafac84f4483aa0032021326b04ef.wav'},{'c17cafac84f4483aa0032021326b04ef'},toxic
{'toxic_4dfb1b9824ef451ab72e0c9a3697de5e.wav'},{'4dfb1b9824ef451ab72e0c9a3697de5e'},toxic
{'toxic_b70d40187544494f926dc3c2ea677968.wav'},{'b70d40187544494f926dc3c2ea677968'},toxic
{'toxic_65068abe9d4d4488a07721e97e9e4f80.wav'},{'65068abe9d4d4488a07721e97e9e4f80'},toxic
{'toxic_98ac7f353ada465f8e433ffc5498593a.wav'},{'98ac7f353ada465f8e433ffc5498593a'},toxic
{'toxic_f0be71c904d741aa86e4aff4d6a0260e.wav'},{'f0be71c904d741aa86e4aff4d6a0260e'},toxic
{'toxic_32ad447a38c64dc9ba01115574392669.wav'},{'32ad447a38c64dc9ba01115574392669'},toxic
{'toxic_78dd566a9b29480a8ee9af1257f4c59c.wav'},{'78dd566a9b29480a8ee9af1257f4c59c'},toxic
{'toxic_6f0a257b928f49b4b70ea76befcc27ae.wav'},{'6f0a257b928f49b4b70ea76befcc27ae'},toxic
{'toxic_0e33c91f1dd4459cb98091c257de866f.wav'},{'0e33c91f1dd4459cb98091c257de866f'},toxic
{'toxic_c5e99d979be2434e864b7be43244f8a3.wav'},{'c5e99d979be2434e864b7be43244f8a3'},toxic
{'toxic_44961b4776bc4d02b3ff7172c34d834b.wav'},{'44961b4776bc4d02b3ff7172c34d834b'},toxic
{'toxic_d057b4f05230476fb4fbed352f13ee6b.wav'},{'d057b4f05230476fb4fbed352f13ee6b'},toxic
{'toxic_f80d395017e749a8aa9bf43a073e6d0b.wav'},{'f80d395017e749a8aa9bf43a073e6d0b'},toxic
{'toxic_b099927505ea4057a88148703639332a.wav'},{'b099927505ea4057a88148703639332a'},toxic
{'toxic_99fa746153c54507ac73e325c5dac7cc.wav'},{'99fa746153c54507ac73e325c5dac7cc'},toxic
{'toxic_0d8eed9351504b3fb1a422e173a3e72b.wav'},{'0d8eed9351504b3fb1a422e173a3e72b'},toxic
{'toxic_c4613bdf39d54fe1b4f9bb76548f9aab.wav'},{'c4613bdf39d54fe1b4f9bb76548f9aab'},toxic
{'toxic_5bf1d9508e43494b8e3e168c9e02bfe6.wav'},{'5bf1d9508e43494b8e3e168c9e02bfe6'},toxic
{'toxic_0d066922c76d4e3bb2a5db8955cbf87a.wav'},{'0d066922c76d4e3bb2a5db8955cbf87a'},toxic
{'toxic_ab63ee3ad6784dd59443eb20fdb375d4.wav'},{'ab63ee3ad6784dd59443eb20fdb375d4'},toxic
{'toxic_427e423a9c2c43f2aaf54e8d7520aa73.wav'},{'427e423a9c2c43f2aaf54e8d7520aa73'},toxic
{'toxic_329d319302b049e59e98f8cf1ec07a0d.wav'},{'329d319302b049e59e98f8cf1ec07a0d'},toxic
{'toxic_f945bdc5262b4d59890a48d3c925774d.wav'},{'f945bdc5262b4d59890a48d3c925774d'},toxic
{'toxic_bbac84bf60d0463fbb88df3b0e7b8b16.wav'},{'bbac84bf60d0463fbb88df3b0e7b8b16'},toxic
{'toxic_24b9b7b2202445aba6aece008bcffd39.wav'},{'24b9b7b2202445aba6aece008bcffd39'},toxic
{'toxic_b092e04f429e461c9ffbbbc559c575cf.wav'},{'b092e04f429e461c9ffbbbc559c575cf'},toxic
{'toxic_38ef724365464976ab439215b22684fd.wav'},{'38ef724365464976ab439215b22684fd'},toxic
{'toxic_66c4410f5e9b4c09ad804c7d582c0f51.wav'},{'66c4410f5e9b4c09ad804c7d582c0f51'},toxic
{'toxic_dd45e6e8648a4f4696eadf2d646f44d9.wav'},{'dd45e6e8648a4f4696eadf2d646f44d9'},toxic
{'toxic_be65e175df1f41b28237629a4728f909.wav'},{'be65e175df1f41b28237629a4728f909'},toxic
{'toxic_39c3fdbc79c54554b61a1dd105c89a7a.wav'},{'39c3fdbc79c54554b61a1dd105c89a7a'},toxic
{'toxic_222905ceeb084ca99ad75eae8ac2ff59.wav'},{'222905ceeb084ca99ad75eae8ac2ff59'},toxic
{'toxic_2add81f2ec344dbca52ee1cf90c63600.wav'},{'2add81f2ec344dbca52ee1cf90c63600'},toxic
{'toxic_f12c8bf73ec844e080d0d837286c526b.wav'},{'f12c8bf73ec844e080d0d837286c526b'},toxic
{'toxic_9f501a7d082544b6952ac43958ba47d1.wav'},{'9f501a7d082544b6952ac43958ba47d1'},toxic
{'toxic_63e04f2d9dac439581a5119a2c502d2a.wav'},{'63e04f2d9dac439581a5119a2c502d2a'},toxic
{'toxic_d76c57c0dc59451f9714ce4f3627407e.wav'},{'d76c57c0dc59451f9714ce4f3627407e'},toxic
{'toxic_84dcba2671b44af8bb7d6cc6196d3f89.wav'},{'84dcba2671b44af8bb7d6cc6196d3f89'},toxic
{'toxic_4b1fb74c3d364d32b175c0b8954abd4b.wav'},{'4b1fb74c3d364d32b175c0b8954abd4b'},toxic
{'toxic_707d60c99fb84de08c3965873bbe9010.wav'},{'707d60c99fb84de08c3965873bbe9010'},toxic
{'toxic_9ed2807302ca497eb95dd811c93e010e.wav'},{'9ed2807302ca497eb95dd811c93e010e'},toxic
{'toxic_b472b50db478468993c3e4d420cfcab2.wav'},{'b472b50db478468993c3e4d420cfcab2'},toxic
{'toxic_37a3e91ba6694384beec5f42cdb1f141.wav'},{'37a3e91ba6694384beec5f42cdb1f141'},toxic
{'toxic_3457fbf5fd00410392cc3df1017cd614.wav'},{'3457fbf5fd00410392cc3df1017cd614'},toxic
{'toxic_e5da81ddb6514e30aa95f1b0358e00fc.wav'},{'e5da81ddb6514e30aa95f1b0358e00fc'},toxic
{'toxic_6e291cabb158495ea3ad8b475a8b6f51.wav'},{'6e291cabb158495ea3ad8b475a8b6f51'},toxic
{'toxic_69d1e563689746449a3750c23cbfd087.wav'},{'69d1e563689746449a3750c23cbfd087'},toxic
{'toxic_0f171913038f40cba5f72e3d3cea8278.wav'},{'0f171913038f40cba5f72e3d3cea8278'},toxic
{'toxic_5c05cd5f82074f52aa78d47111ae6c9f.wav'},{'5c05cd5f82074f52aa78d47111ae6c9f'},toxic
{'toxic_9d5e922ed38e4dd1b2d12367a4a0df02.wav'},{'9d5e922ed38e4dd1b2d12367a4a0df02'},toxic
{'toxic_494c78bf6b9b4889b9607977d58085c8.wav'},{'494c78bf6b9b4889b9607977d58085c8'},toxic
{'toxic_04ebcf4df17046d498c948b79b7553b3.wav'},{'04ebcf4df17046d498c948b79b7553b3'},toxic
{'toxic_44b256ec49444441874a30a95dbc5990.wav'},{'44b256ec49444441874a30a95dbc5990'},toxic
{'toxic_c192d3b3c28f4256a8d95a8c1c420aaf.wav'},{'c192d3b3c28f4256a8d95a8c1c420aaf'},toxic
{'toxic_41730f0c65fd424ebe7c985d17773a4d.wav'},{'41730f0c65fd424ebe7c985d17773a4d'},toxic
{'toxic_b6b115f9b82b4e598c8836b826f1f75a.wav'},{'b6b115f9b82b4e598c8836b826f1f75a'},toxic
{'toxic_04bf0d3e312344208a9b7d6ae4053b5f.wav'},{'04bf0d3e312344208a9b7d6ae4053b5f'},toxic
{'toxic_c9b6784fa47c4358a3327e7571389f28.wav'},{'c9b6784fa47c4358a3327e7571389f28'},toxic
{'toxic_d58e5244d50d4e19aa9aa0afb382308f.wav'},{'d58e5244d50d4e19aa9aa0afb382308f'},toxic
{'toxic_b5acd698833f4525ab3652ba0bb5c29b.wav'},{'b5acd698833f4525ab3652ba0bb5c29b'},toxic
{'toxic_9d61242f429b425984241ee42d02152d.wav'},{'9d61242f429b425984241ee42d02152d'},toxic
{'toxic_1be4732279334fa08c0e998fa32825c6.wav'},{'1be4732279334fa08c0e998fa32825c6'},toxic
{'toxic_2a517eb3223c4fe393cad2d6d0bf11ed.wav'},{'2a517eb3223c4fe393cad2d6d0bf11ed'},toxic
{'toxic_ca34c6402e7d4d73bb6ba88e99d080cd.wav'},{'ca34c6402e7d4d73bb6ba88e99d080cd'},toxic
{'toxic_8a1863976be64ce9b33783d45ffd575d.wav'},{'8a1863976be64ce9b33783d45ffd575d'},toxic
{'toxic_388b02df13364d0981d7a9e3c71664fb.wav'},{'388b02df13364d0981d7a9e3c71664fb'},toxic
{'toxic_9b98405ac3df42f69f3d9197e49f7012.wav'},{'9b98405ac3df42f69f3d9197e49f7012'},toxic
{'toxic_39110a50850242799200406674791b6e.wav'},{'39110a50850242799200406674791b6e'},toxic
{'toxic_dba8d6653ceb43789bbfb78efa7657fb.wav'},{'dba8d6653ceb43789bbfb78efa7657fb'},toxic
{'toxic_25e1a06056a5450c87a201dd48873075.wav'},{'25e1a06056a5450c87a201dd48873075'},toxic
{'toxic_e9c76531a02149c195161983280871fe.wav'},{'e9c76531a02149c195161983280871fe'},toxic
{'toxic_1f2085600f0045219265f2922c38f38e.wav'},{'1f2085600f0045219265f2922c38f38e'},toxic
{'toxic_028c132a297a460ab47f00ffdddd1152.wav'},{'028c132a297a460ab47f00ffdddd1152'},toxic
{'toxic_53e326172f1e451d847271b3ebd93653.wav'},{'53e326172f1e451d847271b3ebd93653'},toxic
{'toxic_e0c4eec073094aa882d64be4b72afe36.wav'},{'e0c4eec073094aa882d64be4b72afe36'},toxic
{'toxic_d029783a30cd4dabb6b571fb6d2025dc.wav'},{'d029783a30cd4dabb6b571fb6d2025dc'},toxic
{'toxic_cebefb0e7a94432bb0746e15856c7238.wav'},{'cebefb0e7a94432bb0746e15856c7238'},toxic
{'toxic_45db31cbed134f50916991b3dd05a0cc.wav'},{'45db31cbed134f50916991b3dd05a0cc'},toxic
{'toxic_e309d564aea14a7da7bc3b86acd20461.wav'},{'e309d564aea14a7da7bc3b86acd20461'},toxic
{'toxic_5966353054254168a2903219806815c7.wav'},{'5966353054254168a2903219806815c7'},toxic
{'toxic_3cb2c154435d45348fb84837dfbf1f2f.wav'},{'3cb2c154435d45348fb84837dfbf1f2f'},toxic
{'toxic_7b1b456021eb41518d4e9c311c005da2.wav'},{'7b1b456021eb41518d4e9c311c005da2'},toxic
{'toxic_9c05532510154e92a0feeeaa99bce27b.wav'},{'9c05532510154e92a0feeeaa99bce27b'},toxic
{'toxic_fe78dc760bc54aeea5de1dd1bcb2908c.wav'},{'fe78dc760bc54aeea5de1dd1bcb2908c'},toxic
{'toxic_461445086b524d6a9b1d39c28dfb3e49.wav'},{'461445086b524d6a9b1d39c28dfb3e49'},toxic
{'toxic_21f1f51b7d6d4256ac7d10c9a990403a.wav'},{'21f1f51b7d6d4256ac7d10c9a990403a'},toxic
{'toxic_582b228790db424aa29bc705b95669ad.wav'},{'582b228790db424aa29bc705b95669ad'},toxic
{'toxic_a5329eac99864951a3c77ee6b4d2985d.wav'},{'a5329eac99864951a3c77ee6b4d2985d'},toxic
{'toxic_aa535ac9f2994979909b05cf208b0e3b.wav'},{'aa535ac9f2994979909b05cf208b0e3b'},toxic
{'toxic_906bd769f08a447f8d710c660be7ee03.wav'},{'906bd769f08a447f8d710c660be7ee03'},toxic
{'toxic_bcaa9d559252458498ab0cfc94ffaab2.wav'},{'bcaa9d559252458498ab0cfc94ffaab2'},toxic
{'toxic_0184bb6fae0943878c0b967378ef06f9.wav'},{'0184bb6fae0943878c0b967378ef06f9'},toxic
{'toxic_cb6e7907bf174e69956e6b773ed639cc.wav'},{'cb6e7907bf174e69956e6b773ed639cc'},toxic
{'toxic_45cddf52ba2142088d0a4f93c568b578.wav'},{'45cddf52ba2142088d0a4f93c568b578'},toxic
{'toxic_8399b12bb0c54ed39af4b0be7673950d.wav'},{'8399b12bb0c54ed39af4b0be7673950d'},toxic
{'toxic_024b2aded7fd4430870d37d24ac8ceb4.wav'},{'024b2aded7fd4430870d37d24ac8ceb4'},toxic
{'toxic_be8d7a1e9a6242e09ebe8c4095a18360.wav'},{'be8d7a1e9a6242e09ebe8c4095a18360'},toxic
{'toxic_7a850a0d043b4e9d9df8126101241948.wav'},{'7a850a0d043b4e9d9df8126101241948'},toxic
{'toxic_fbdca4c4d8624f98b561cd3908e6ff59.wav'},{'fbdca4c4d8624f98b561cd3908e6ff59'},toxic
{'toxic_bd52fd909c1d482b830867dfeedfbd9c.wav'},{'bd52fd909c1d482b830867dfeedfbd9c'},toxic
{'toxic_132651cd558345d48531f47988cb96b3.wav'},{'132651cd558345d48531f47988cb96b3'},toxic
{'toxic_a52ae0e291574cd68b8c1d416ba55f34.wav'},{'a52ae0e291574cd68b8c1d416ba55f34'},toxic
{'toxic_89bba6351eb543ba82e45ed97ec619e3.wav'},{'89bba6351eb543ba82e45ed97ec619e3'},toxic
{'toxic_6a9c53ccb3a04d81b2319fca6db9e55e.wav'},{'6a9c53ccb3a04d81b2319fca6db9e55e'},toxic
{'toxic_375cb2b9373c4421ab149423505f96f3.wav'},{'375cb2b9373c4421ab149423505f96f3'},toxic
{'toxic_d2840414d3974aeab8646c728d050467.wav'},{'d2840414d3974aeab8646c728d050467'},toxic
{'toxic_c5b5a79a93ce47cfb9a7f7151fe74445.wav'},{'c5b5a79a93ce47cfb9a7f7151fe74445'},toxic
{'toxic_68efaca7371a422d84aaa31b38ff7749.wav'},{'68efaca7371a422d84aaa31b38ff7749'},toxic
{'toxic_51b98520e1fa482c82156693d30e7255.wav'},{'51b98520e1fa482c82156693d30e7255'},toxic
{'toxic_42a37f25770d47ddb49a3610455d59bf.wav'},{'42a37f25770d47ddb49a3610455d59bf'},toxic
{'toxic_e5e3db4cc60342af91aef7f4a8ecd8af.wav'},{'e5e3db4cc60342af91aef7f4a8ecd8af'},toxic
{'toxic_91cb4bddae614d48b9c71c6b7a0eb276.wav'},{'91cb4bddae614d48b9c71c6b7a0eb276'},toxic
{'toxic_71173e933c4b40219f77d4e920bd338f.wav'},{'71173e933c4b40219f77d4e920bd338f'},toxic
{'toxic_d22b12e32e5d44a6946e744ad73e2f12.wav'},{'d22b12e32e5d44a6946e744ad73e2f12'},toxic
{'toxic_c58fadf9e9344844ac5b2f4135a88aad.wav'},{'c58fadf9e9344844ac5b2f4135a88aad'},toxic
{'toxic_7275d7db6fb7437785d3c4c16a0e40cf.wav'},{'7275d7db6fb7437785d3c4c16a0e40cf'},toxic
{'toxic_fa758d7fd26b4ae397d79ad7b2a71de7.wav'},{'fa758d7fd26b4ae397d79ad7b2a71de7'},toxic
{'toxic_7e237ab7b0454238a672edf516087401.wav'},{'7e237ab7b0454238a672edf516087401'},toxic
{'toxic_df599dc394e24f6389f896c83ad514fd.wav'},{'df599dc394e24f6389f896c83ad514fd'},toxic
{'toxic_5234daa790d545bb8efc44af8b10cab4.wav'},{'5234daa790d545bb8efc44af8b10cab4'},toxic
{'toxic_4218edc48fd248ddbf42ff3401bbb957.wav'},{'4218edc48fd248ddbf42ff3401bbb957'},toxic
{'toxic_b0eb13ad47864e28b3762522cf077bcd.wav'},{'b0eb13ad47864e28b3762522cf077bcd'},toxic
{'toxic_b399dca7371343a8a54b66a52b758094.wav'},{'b399dca7371343a8a54b66a52b758094'},toxic
{'toxic_23f2e5f187454c00afb8b85f7227f87a.wav'},{'23f2e5f187454c00afb8b85f7227f87a'},toxic
{'toxic_4a98ffca737748d9b86dc674a74a624f.wav'},{'4a98ffca737748d9b86dc674a74a624f'},toxic
{'toxic_fa83142e615a4dde8494390fa8c6d0a2.wav'},{'fa83142e615a4dde8494390fa8c6d0a2'},toxic
{'toxic_09e480874fb64f05aefd42deea8f04d2.wav'},{'09e480874fb64f05aefd42deea8f04d2'},toxic
{'toxic_d9a7f3bad437420395e859040c082457.wav'},{'d9a7f3bad437420395e859040c082457'},toxic
{'toxic_2f5aa3a3da954b3d8b37bf92690679d0.wav'},{'2f5aa3a3da954b3d8b37bf92690679d0'},toxic
{'toxic_2320362aa61041c1aedcbe3344996975.wav'},{'2320362aa61041c1aedcbe3344996975'},toxic
{'toxic_db25be6d1ad5404d916adde4cc05a7c7.wav'},{'db25be6d1ad5404d916adde4cc05a7c7'},toxic
{'toxic_a6e8ce79c17a431fa9445f8168adbedb.wav'},{'a6e8ce79c17a431fa9445f8168adbedb'},toxic
{'toxic_ac66d14084c446ee8f09da771233b2d0.wav'},{'ac66d14084c446ee8f09da771233b2d0'},toxic
{'toxic_0f2d4d78f5db4cad8229f0b7cc470054.wav'},{'0f2d4d78f5db4cad8229f0b7cc470054'},toxic
{'toxic_9b4b32ccdddb45b1a176cdd8f2beaaca.wav'},{'9b4b32ccdddb45b1a176cdd8f2beaaca'},toxic
{'toxic_9271787546de49d19b94ced127c3b192.wav'},{'9271787546de49d19b94ced127c3b192'},toxic
{'toxic_acea83227f2a4a899872e9b93161fb38.wav'},{'acea83227f2a4a899872e9b93161fb38'},toxic
{'toxic_fbad185e71d04bc89eccb42bfccc1f1c.wav'},{'fbad185e71d04bc89eccb42bfccc1f1c'},toxic
{'toxic_21e18d521e83412a9181d346502a7db8.wav'},{'21e18d521e83412a9181d346502a7db8'},toxic
{'toxic_df49fe6389534ab68a3adf5f97c35aae.wav'},{'df49fe6389534ab68a3adf5f97c35aae'},toxic
{'toxic_cd3da223a39a47b9b4622236467fa9dc.wav'},{'cd3da223a39a47b9b4622236467fa9dc'},toxic
{'toxic_73b5983c686b45e992fe8314c44aa549.wav'},{'73b5983c686b45e992fe8314c44aa549'},toxic
{'toxic_7d7fd5eb71d743b09a9c9a6fa0d33274.wav'},{'7d7fd5eb71d743b09a9c9a6fa0d33274'},toxic
{'toxic_ea5bd324133e4d3bb370544530f6cf40.wav'},{'ea5bd324133e4d3bb370544530f6cf40'},toxic
{'toxic_8ddfe066063c4f6f88173b0e5a560bd8.wav'},{'8ddfe066063c4f6f88173b0e5a560bd8'},toxic
{'toxic_55d0e5d59f0f40eba59e43fa27a3990e.wav'},{'55d0e5d59f0f40eba59e43fa27a3990e'},toxic
{'toxic_bdf54a712d334f4ebbed555f721dd178.wav'},{'bdf54a712d334f4ebbed555f721dd178'},toxic
{'toxic_c74494b6aa214790968a260de334bab6.wav'},{'c74494b6aa214790968a260de334bab6'},toxic
{'toxic_be7b17a5c3e14f6c8face3414c131b81.wav'},{'be7b17a5c3e14f6c8face3414c131b81'},toxic
{'toxic_e1b07ccc50344c1b875f28c620b15cac.wav'},{'e1b07ccc50344c1b875f28c620b15cac'},toxic
{'toxic_e6b6e5e8d63a4000a20fc4e6fdc35b4c.wav'},{'e6b6e5e8d63a4000a20fc4e6fdc35b4c'},toxic
{'toxic_71434fff11794e84a873521e5429274a.wav'},{'71434fff11794e84a873521e5429274a'},toxic
{'toxic_26dff35f796c4845a68dc340e460f830.wav'},{'26dff35f796c4845a68dc340e460f830'},toxic
{'toxic_8031bee396a1477e991ed3e9359708f3.wav'},{'8031bee396a1477e991ed3e9359708f3'},toxic
{'toxic_c08898b138d6457492f94293f1f0c4f4.wav'},{'c08898b138d6457492f94293f1f0c4f4'},toxic
{'toxic_2e1038e61a5947d3996f5bc15feb21ec.wav'},{'2e1038e61a5947d3996f5bc15feb21ec'},toxic
{'toxic_914ce08aae4541539af57d2cfd1dbc35.wav'},{'914ce08aae4541539af57d2cfd1dbc35'},toxic
{'toxic_e228e632b1c7469facce54abe78b1165.wav'},{'e228e632b1c7469facce54abe78b1165'},toxic
{'toxic_d0c8f41c1ed24ac39224b46b167ec6f2.wav'},{'d0c8f41c1ed24ac39224b46b167ec6f2'},toxic
{'toxic_ad1f000250fb48888d0c26f432344415.wav'},{'ad1f000250fb48888d0c26f432344415'},toxic
{'toxic_03713165411f4395a1522555df7a8129.wav'},{'03713165411f4395a1522555df7a8129'},toxic
{'toxic_2586931db54046da8acfb73edd825075.wav'},{'2586931db54046da8acfb73edd825075'},toxic
{'toxic_778aaf7cf9234bf0afb318ff4da87a76.wav'},{'778aaf7cf9234bf0afb318ff4da87a76'},toxic
{'toxic_a268834015e343d4a723b189f38259da.wav'},{'a268834015e343d4a723b189f38259da'},toxic
{'toxic_6f1565c99e76435885989f10a2e2eb86.wav'},{'6f1565c99e76435885989f10a2e2eb86'},toxic
{'toxic_7565d9f64e984b68acf7b6bc34cd015e.wav'},{'7565d9f64e984b68acf7b6bc34cd015e'},toxic
{'toxic_840d29acade343419aa0c34a6b80ac89.wav'},{'840d29acade343419aa0c34a6b80ac89'},toxic
{'toxic_34319be0910340e78b3b8120b73c63d1.wav'},{'34319be0910340e78b3b8120b73c63d1'},toxic
{'toxic_8fb83ea9f6144f67bb322aac2115f0be.wav'},{'8fb83ea9f6144f67bb322aac2115f0be'},toxic
{'toxic_bbaa32c99815426e85c0ff932e1b950e.wav'},{'bbaa32c99815426e85c0ff932e1b950e'},toxic
{'toxic_c03f7d62952b43dba247ce7e3528419c.wav'},{'c03f7d62952b43dba247ce7e3528419c'},toxic
{'toxic_29101a84bc344d46a66dec9215c1dcc3.wav'},{'29101a84bc344d46a66dec9215c1dcc3'},toxic
{'toxic_8fd87e3a63b74a4793e5c3b20dc0a328.wav'},{'8fd87e3a63b74a4793e5c3b20dc0a328'},toxic
{'toxic_d34a4c357a7241b596151919076c330b.wav'},{'d34a4c357a7241b596151919076c330b'},toxic
{'toxic_936f92a0d7e14ddaa50044a2b36abc55.wav'},{'936f92a0d7e14ddaa50044a2b36abc55'},toxic
{'toxic_d8a2a96bded44ee584e94716e59c7380.wav'},{'d8a2a96bded44ee584e94716e59c7380'},toxic
{'toxic_6a521feb42e94a499cd6af026436e583.wav'},{'6a521feb42e94a499cd6af026436e583'},toxic
{'toxic_c0f20c574add423ca459e93f1d880f28.wav'},{'c0f20c574add423ca459e93f1d880f28'},toxic
{'toxic_4cce4eae3ec1421494160df4ae510a71.wav'},{'4cce4eae3ec1421494160df4ae510a71'},toxic
{'toxic_fdd9748a32f94f35a67997f2e47d0f09.wav'},{'fdd9748a32f94f35a67997f2e47d0f09'},toxic
{'toxic_37ccfcd97e58461b86006a9048ae1780.wav'},{'37ccfcd97e58461b86006a9048ae1780'},toxic
{'toxic_44757abbbe134d0db937b8def95ddf38.wav'},{'44757abbbe134d0db937b8def95ddf38'},toxic
{'toxic_a167efdf17ed42cca250bb39b8cb1cd8.wav'},{'a167efdf17ed42cca250bb39b8cb1cd8'},toxic
{'toxic_59e9007ad24c4aae9f27cef5df9282c7.wav'},{'59e9007ad24c4aae9f27cef5df9282c7'},toxic
{'toxic_6fd6f7c327274616a898dd4ff3c38abc.wav'},{'6fd6f7c327274616a898dd4ff3c38abc'},toxic
{'toxic_fd347d29c2dd444585bff7e303dbab31.wav'},{'fd347d29c2dd444585bff7e303dbab31'},toxic
{'toxic_b2c9c3093c56497f85abc47ace251454.wav'},{'b2c9c3093c56497f85abc47ace251454'},toxic
{'toxic_d06b04a118224dddb65fe578cef69dea.wav'},{'d06b04a118224dddb65fe578cef69dea'},toxic
{'toxic_0121415c84ef4dc8ba1771680a916f4b.wav'},{'0121415c84ef4dc8ba1771680a916f4b'},toxic
{'toxic_907a64329df84e339230162e82a161e4.wav'},{'907a64329df84e339230162e82a161e4'},toxic
{'toxic_ce45c5a0d21c475b862084adf20fe058.wav'},{'ce45c5a0d21c475b862084adf20fe058'},toxic
{'toxic_ad6d622009334a63b47dd889133b409d.wav'},{'ad6d622009334a63b47dd889133b409d'},toxic
{'toxic_4dcb9d66a35f417db9370e1c80c4b73f.wav'},{'4dcb9d66a35f417db9370e1c80c4b73f'},toxic
{'toxic_14c33caee04640518a09a5e94e096b75.wav'},{'14c33caee04640518a09a5e94e096b75'},toxic
{'toxic_0c52175d03d44de6b9b1aea51ccd92df.wav'},{'0c52175d03d44de6b9b1aea51ccd92df'},toxic
{'toxic_d2d756916cfd41778ce4b946c3b4244d.wav'},{'d2d756916cfd41778ce4b946c3b4244d'},toxic
{'toxic_51adbe63d6f343a7928c48928dccc6fd.wav'},{'51adbe63d6f343a7928c48928dccc6fd'},toxic
{'toxic_75ce71229e4242669c7242c72a0582b9.wav'},{'75ce71229e4242669c7242c72a0582b9'},toxic
{'toxic_131e81edbcd44ef6afb9708e56fdf8e8.wav'},{'131e81edbcd44ef6afb9708e56fdf8e8'},toxic
{'toxic_7cd13397672f4ff2849614bf0dcc0c89.wav'},{'7cd13397672f4ff2849614bf0dcc0c89'},toxic
{'toxic_4345b8818d4a4659bf7cd9582730b604.wav'},{'4345b8818d4a4659bf7cd9582730b604'},toxic
{'toxic_9cb20c2a43ac48918f406c1d962a3221.wav'},{'9cb20c2a43ac48918f406c1d962a3221'},toxic
{'toxic_46ca265cb2174acbbba56b48ec8d6fff.wav'},{'46ca265cb2174acbbba56b48ec8d6fff'},toxic
{'toxic_2d367898fa824294b749f2f6c9b57954.wav'},{'2d367898fa824294b749f2f6c9b57954'},toxic
{'toxic_d19f8031405f4136ba893851babf2c75.wav'},{'d19f8031405f4136ba893851babf2c75'},toxic
{'toxic_32c71227a5894c23a767dd23b8096218.wav'},{'32c71227a5894c23a767dd23b8096218'},toxic
{'toxic_598d7f01d2c34e2f9992bbed5773e415.wav'},{'598d7f01d2c34e2f9992bbed5773e415'},toxic
{'toxic_6076b3660a7846339b5fa72e4ebbeea1.wav'},{'6076b3660a7846339b5fa72e4ebbeea1'},toxic
{'toxic_7442464c7f6b45348b127b3bfdd724f8.wav'},{'7442464c7f6b45348b127b3bfdd724f8'},toxic
{'toxic_c9fdd0e15e9d452da47b6f34bdee0c5d.wav'},{'c9fdd0e15e9d452da47b6f34bdee0c5d'},toxic
{'toxic_9b4019398dad4220b17453c00bc002a5.wav'},{'9b4019398dad4220b17453c00bc002a5'},toxic
{'toxic_9d87694c8bd040b789efd58ec91b2753.wav'},{'9d87694c8bd040b789efd58ec91b2753'},toxic
{'toxic_a212ae1174df4eda98a0543f2b407d61.wav'},{'a212ae1174df4eda98a0543f2b407d61'},toxic
{'toxic_00a9a5d48fb74887882af77c9aba6bf8.wav'},{'00a9a5d48fb74887882af77c9aba6bf8'},toxic
{'toxic_e9d46050f9b64249b5f01ebc09ab232c.wav'},{'e9d46050f9b64249b5f01ebc09ab232c'},toxic
{'toxic_c02a7c1d79844811b6ff9e2e62547060.wav'},{'c02a7c1d79844811b6ff9e2e62547060'},toxic
{'toxic_d162a225df09496994bd4d805461f113.wav'},{'d162a225df09496994bd4d805461f113'},toxic
{'toxic_c92abde8225e4c5ebf5bf97a7937d914.wav'},{'c92abde8225e4c5ebf5bf97a7937d914'},toxic
{'toxic_c472686df34546e7918c15edf083b5ee.wav'},{'c472686df34546e7918c15edf083b5ee'},toxic
{'toxic_5fc3b28fbee843fc9dcf5fe2975b1536.wav'},{'5fc3b28fbee843fc9dcf5fe2975b1536'},toxic
{'toxic_3c9e1491f4b84ff19c35375398b52386.wav'},{'3c9e1491f4b84ff19c35375398b52386'},toxic
{'toxic_ea69ba8d16034733afd08830ff2344c7.wav'},{'ea69ba8d16034733afd08830ff2344c7'},toxic
{'toxic_2d9915c01a4a4f688f8b22d76ce8cce7.wav'},{'2d9915c01a4a4f688f8b22d76ce8cce7'},toxic
{'toxic_b16c9f3ba13d4b73ba527f35c2fb7355.wav'},{'b16c9f3ba13d4b73ba527f35c2fb7355'},toxic
{'toxic_b8ca43aa0af1405e9e41e37b27b89203.wav'},{'b8ca43aa0af1405e9e41e37b27b89203'},toxic
{'toxic_5e04edc94d58488283f4cbd063ad96a7.wav'},{'5e04edc94d58488283f4cbd063ad96a7'},toxic
{'toxic_d20c2955d4e547ccb9032c9a06e80a9b.wav'},{'d20c2955d4e547ccb9032c9a06e80a9b'},toxic
{'toxic_ff54e6c7d3cf498cb81ec99d55187ba5.wav'},{'ff54e6c7d3cf498cb81ec99d55187ba5'},toxic
{'toxic_ee8f335f056d48e0bfe7240ed61255f0.wav'},{'ee8f335f056d48e0bfe7240ed61255f0'},toxic
{'toxic_bf594e1e2c9e47fdbb2f06c97618f740.wav'},{'bf594e1e2c9e47fdbb2f06c97618f740'},toxic
{'toxic_76cdc0cfec4e4630be69bfb6d5e13ef0.wav'},{'76cdc0cfec4e4630be69bfb6d5e13ef0'},toxic
{'toxic_f835eda650cb476fb619725e3ad2fa0e.wav'},{'f835eda650cb476fb619725e3ad2fa0e'},toxic
{'toxic_25c7a8aa35f74024897ac56229d59928.wav'},{'25c7a8aa35f74024897ac56229d59928'},toxic
{'toxic_740c08f7450c4449850e2af30d079696.wav'},{'740c08f7450c4449850e2af30d079696'},toxic
{'toxic_a40929e7562b41a9a5c8550085bd6421.wav'},{'a40929e7562b41a9a5c8550085bd6421'},toxic
{'toxic_fb3578a0f022435e8f817fc891b6ff6c.wav'},{'fb3578a0f022435e8f817fc891b6ff6c'},toxic
{'toxic_5c459a4ee15e4a5e8601089bb45f847c.wav'},{'5c459a4ee15e4a5e8601089bb45f847c'},toxic
{'toxic_368fee48217f4c9092a7949702978acb.wav'},{'368fee48217f4c9092a7949702978acb'},toxic
{'toxic_c92a01c0ad1c4740b9fefef85ae72c49.wav'},{'c92a01c0ad1c4740b9fefef85ae72c49'},toxic
{'toxic_499092c82f5745c8bfd9c0505daedf09.wav'},{'499092c82f5745c8bfd9c0505daedf09'},toxic
{'toxic_4372e3c5b9d048aa999379fa36d67772.wav'},{'4372e3c5b9d048aa999379fa36d67772'},toxic
{'toxic_642b9512c11c49e89be989439eb5c7f7.wav'},{'642b9512c11c49e89be989439eb5c7f7'},toxic
{'toxic_5ce24e65dce643c08461ace7b3469f4b.wav'},{'5ce24e65dce643c08461ace7b3469f4b'},toxic
{'toxic_33a5626538774b66b8f891b75613c7bc.wav'},{'33a5626538774b66b8f891b75613c7bc'},toxic
{'toxic_8ce468f68d6a4b28aff1e125de3b2c38.wav'},{'8ce468f68d6a4b28aff1e125de3b2c38'},toxic
{'toxic_0136b21eab93447e9906d1c7399e30c5.wav'},{'0136b21eab93447e9906d1c7399e30c5'},toxic
{'toxic_461a87b3eb194c7ab415329c0287efdd.wav'},{'461a87b3eb194c7ab415329c0287efdd'},toxic
{'toxic_8770a5766e4643649ca3d1c6d2cd3f02.wav'},{'8770a5766e4643649ca3d1c6d2cd3f02'},toxic
{'toxic_4b62f09d60574326a4852c712d667f72.wav'},{'4b62f09d60574326a4852c712d667f72'},toxic
{'toxic_b7ff1a663ab649b5b4a0601020208185.wav'},{'b7ff1a663ab649b5b4a0601020208185'},toxic
{'toxic_bff446f759ae4a6ba71dce73c962a4d1.wav'},{'bff446f759ae4a6ba71dce73c962a4d1'},toxic
{'toxic_17549ad589b34a4ea0010f32283f53ca.wav'},{'17549ad589b34a4ea0010f32283f53ca'},toxic
{'toxic_24d26acf01214376bbb62d7c1204c382.wav'},{'24d26acf01214376bbb62d7c1204c382'},toxic
{'toxic_fc74b21e5f3645ff82f92b63ad13abe0.wav'},{'fc74b21e5f3645ff82f92b63ad13abe0'},toxic
{'toxic_140e0e0bdfd8436897fce88bfa37cae0.wav'},{'140e0e0bdfd8436897fce88bfa37cae0'},toxic
{'toxic_225f0b0648544e13b087de99de155df4.wav'},{'225f0b0648544e13b087de99de155df4'},toxic
{'toxic_1563f9437eff4bd2b309aa4839ff95f9.wav'},{'1563f9437eff4bd2b309aa4839ff95f9'},toxic
{'toxic_0cb819aae4fb4b64a3a9a43f303e11fb.wav'},{'0cb819aae4fb4b64a3a9a43f303e11fb'},toxic
{'toxic_eeca19f23e4e4ae597f9e27688666c08.wav'},{'eeca19f23e4e4ae597f9e27688666c08'},toxic
{'toxic_82a174ad1b594b35beee84b5f1eb0190.wav'},{'82a174ad1b594b35beee84b5f1eb0190'},toxic
{'toxic_6d4e3cf9be794f3bbe2541c74fdbadc6.wav'},{'6d4e3cf9be794f3bbe2541c74fdbadc6'},toxic
{'toxic_01254c345aea4ca485d8f1bfa0a760dc.wav'},{'01254c345aea4ca485d8f1bfa0a760dc'},toxic
{'toxic_85bc673aa9cc46a7ae14457b86dae18b.wav'},{'85bc673aa9cc46a7ae14457b86dae18b'},toxic
{'toxic_8b19dcac3afc4da69181b3beb57a523c.wav'},{'8b19dcac3afc4da69181b3beb57a523c'},toxic
{'toxic_fba79e212e4f4dac8358e8fb06542852.wav'},{'fba79e212e4f4dac8358e8fb06542852'},toxic
{'toxic_16c8a43ea9a646b9a65cb114952d0862.wav'},{'16c8a43ea9a646b9a65cb114952d0862'},toxic
{'toxic_8fe29a73b1504986bb2c437395b4fe11.wav'},{'8fe29a73b1504986bb2c437395b4fe11'},toxic
{'toxic_d5c7fcc35bbf493b9c51524b16eb78d9.wav'},{'d5c7fcc35bbf493b9c51524b16eb78d9'},toxic
{'toxic_44d7a632073b42b593f8a0df51fbe21a.wav'},{'44d7a632073b42b593f8a0df51fbe21a'},toxic
{'toxic_aabf9e3e95c54aef9d90b79ca343716d.wav'},{'aabf9e3e95c54aef9d90b79ca343716d'},toxic
{'toxic_5156fd16f3904668a3efe88a596a38da.wav'},{'5156fd16f3904668a3efe88a596a38da'},toxic
{'toxic_cbc14c1e06d54193b110f1f22a266c1c.wav'},{'cbc14c1e06d54193b110f1f22a266c1c'},toxic
{'toxic_3721801c5f034d55b49afaff4947de36.wav'},{'3721801c5f034d55b49afaff4947de36'},toxic
{'toxic_488e53371557420e8f973d6497edd3d6.wav'},{'488e53371557420e8f973d6497edd3d6'},toxic
{'toxic_53db89bfc01b441d83a2c365090b02a4.wav'},{'53db89bfc01b441d83a2c365090b02a4'},toxic
{'toxic_84b125266efb4bc9979ad8ecdb5d4557.wav'},{'84b125266efb4bc9979ad8ecdb5d4557'},toxic
{'toxic_db9117b7b71e4beca9840f6dea21305b.wav'},{'db9117b7b71e4beca9840f6dea21305b'},toxic
{'toxic_2a65cd12a2074e54a8658bd1af09f1da.wav'},{'2a65cd12a2074e54a8658bd1af09f1da'},toxic
{'toxic_12cd8da2641941b383aa6aac7acd6afb.wav'},{'12cd8da2641941b383aa6aac7acd6afb'},toxic
{'toxic_634aff9b692d4a7290d44c85e2e117c8.wav'},{'634aff9b692d4a7290d44c85e2e117c8'},toxic
{'toxic_698a8067bf9d4373a85168b5cb1574b4.wav'},{'698a8067bf9d4373a85168b5cb1574b4'},toxic
{'toxic_009b517e7fb04c5cb17fb140ad355505.wav'},{'009b517e7fb04c5cb17fb140ad355505'},toxic
{'toxic_ada6329378044327a6ac637ce036e8a0.wav'},{'ada6329378044327a6ac637ce036e8a0'},toxic
{'toxic_339d4aebfde0449cb3072e88d99cf463.wav'},{'339d4aebfde0449cb3072e88d99cf463'},toxic
{'toxic_ef40639f1c6a415989355094a3b9237a.wav'},{'ef40639f1c6a415989355094a3b9237a'},toxic
{'toxic_b6febfe34d664ec4824caa2d6ac6d63a.wav'},{'b6febfe34d664ec4824caa2d6ac6d63a'},toxic
{'toxic_860c15a33736430f83047cc6431f06bc.wav'},{'860c15a33736430f83047cc6431f06bc'},toxic
{'toxic_f9cb7b81b27c41d1993cf73d987c395b.wav'},{'f9cb7b81b27c41d1993cf73d987c395b'},toxic
{'toxic_faff0aa6d0114e37982080b325a1a333.wav'},{'faff0aa6d0114e37982080b325a1a333'},toxic
{'toxic_49c81566c44840acadf31472da287f9b.wav'},{'49c81566c44840acadf31472da287f9b'},toxic
{'toxic_f740566393b14d3a9cf4decf1fd3678c.wav'},{'f740566393b14d3a9cf4decf1fd3678c'},toxic
{'toxic_aeb69ada12244b138e254dacd23ab9d0.wav'},{'aeb69ada12244b138e254dacd23ab9d0'},toxic
{'toxic_9c283995581e4549b02d5dfba8af1306.wav'},{'9c283995581e4549b02d5dfba8af1306'},toxic
{'toxic_bf225668c6794d3b8d3274f2b38f967e.wav'},{'bf225668c6794d3b8d3274f2b38f967e'},toxic
{'toxic_054924609cf7444ba50a646ed7c30731.wav'},{'054924609cf7444ba50a646ed7c30731'},toxic
{'toxic_59939b9c962446a88e1eedfa0728e195.wav'},{'59939b9c962446a88e1eedfa0728e195'},toxic
{'toxic_59a7a1cdd705453e9ae547d6071baebe.wav'},{'59a7a1cdd705453e9ae547d6071baebe'},toxic
{'toxic_0094ce61459a40209430b572aa6693fb.wav'},{'0094ce61459a40209430b572aa6693fb'},toxic
{'toxic_09b349620ffd40bdaa4f0e5bdaf26e91.wav'},{'09b349620ffd40bdaa4f0e5bdaf26e91'},toxic
{'toxic_9d468cadddda4e00a864af9bfff67416.wav'},{'9d468cadddda4e00a864af9bfff67416'},toxic
{'toxic_a9d361406aa24e8d80a7c7d27813afce.wav'},{'a9d361406aa24e8d80a7c7d27813afce'},toxic
{'toxic_ec12bc6ae11645c98075cea5d0709512.wav'},{'ec12bc6ae11645c98075cea5d0709512'},toxic
{'toxic_d78a3e04055e4bbea93f23666a3d0cc2.wav'},{'d78a3e04055e4bbea93f23666a3d0cc2'},toxic
{'toxic_7a4c3ce003ea4698bf94aae9bb215ddd.wav'},{'7a4c3ce003ea4698bf94aae9bb215ddd'},toxic
{'toxic_ab8954982a424260b4821834889db9ce.wav'},{'ab8954982a424260b4821834889db9ce'},toxic
{'toxic_b1e4710b92b844f2b23d11b693f3af85.wav'},{'b1e4710b92b844f2b23d11b693f3af85'},toxic
{'toxic_87ad6e9b599c4f008a5a3014d92cbff4.wav'},{'87ad6e9b599c4f008a5a3014d92cbff4'},toxic
{'toxic_ca664cca96f745beb377f2d5e084b9a2.wav'},{'ca664cca96f745beb377f2d5e084b9a2'},toxic
{'toxic_628a625121014b7b8cbbcf7fa2441159.wav'},{'628a625121014b7b8cbbcf7fa2441159'},toxic
{'toxic_6855028e956044c4ab01309ee59ed856.wav'},{'6855028e956044c4ab01309ee59ed856'},toxic
{'toxic_870400e327ee45fa8fd0806cc59fe078.wav'},{'870400e327ee45fa8fd0806cc59fe078'},toxic
{'toxic_a67c4b06da0749188fcaa7ec2512275c.wav'},{'a67c4b06da0749188fcaa7ec2512275c'},toxic
{'toxic_a2bac9a198b345288a663f3115ba1078.wav'},{'a2bac9a198b345288a663f3115ba1078'},toxic
{'toxic_3006468a14924df781612e54c8d60a80.wav'},{'3006468a14924df781612e54c8d60a80'},toxic
{'toxic_7cdfb6a72ea842639d74d921c8dd2886.wav'},{'7cdfb6a72ea842639d74d921c8dd2886'},toxic
{'toxic_4f1c5e332be84ce8b607ccb54e2299c7.wav'},{'4f1c5e332be84ce8b607ccb54e2299c7'},toxic
{'toxic_981859dc09ac416dacfce5e1b1ddd854.wav'},{'981859dc09ac416dacfce5e1b1ddd854'},toxic
{'toxic_dc51bcf6bfeb4046b990392ab859d0ee.wav'},{'dc51bcf6bfeb4046b990392ab859d0ee'},toxic
{'toxic_efbd61160d934248abbcd84822226433.wav'},{'efbd61160d934248abbcd84822226433'},toxic
{'toxic_20c16c58f5c74326b342481fa6890907.wav'},{'20c16c58f5c74326b342481fa6890907'},toxic
{'toxic_e8e981f7fcbe4c72973807ccd51cc366.wav'},{'e8e981f7fcbe4c72973807ccd51cc366'},toxic
{'toxic_90219adb21ba4398a178c7190a0a2394.wav'},{'90219adb21ba4398a178c7190a0a2394'},toxic
{'toxic_2f0972953b0e4ee19a0dcc129eb8295c.wav'},{'2f0972953b0e4ee19a0dcc129eb8295c'},toxic
{'toxic_ed339ea38b0649b6991c2b2047c48672.wav'},{'ed339ea38b0649b6991c2b2047c48672'},toxic
{'toxic_cc81caa5b1a545d79a6d30ee11c269b9.wav'},{'cc81caa5b1a545d79a6d30ee11c269b9'},toxic
{'toxic_abbe6a9835e1424d849d9c8263ca550c.wav'},{'abbe6a9835e1424d849d9c8263ca550c'},toxic
{'toxic_4e591707867549388ceba1cd32630ff6.wav'},{'4e591707867549388ceba1cd32630ff6'},toxic
{'toxic_27dfa962cd944aac9063a00730dac3e3.wav'},{'27dfa962cd944aac9063a00730dac3e3'},toxic
{'toxic_3f98061de7eb4c508f250ea79b134ff2.wav'},{'3f98061de7eb4c508f250ea79b134ff2'},toxic
{'toxic_fa3cd231e549483a86be5b905bf42096.wav'},{'fa3cd231e549483a86be5b905bf42096'},toxic
{'toxic_a1df166085274ad4b8c90c8277b217a2.wav'},{'a1df166085274ad4b8c90c8277b217a2'},toxic
{'toxic_b6c5ab88e0cb4d54af4e1a72947f7298.wav'},{'b6c5ab88e0cb4d54af4e1a72947f7298'},toxic
{'toxic_cdc35d2242aa4e169ab2fbb7610b3f92.wav'},{'cdc35d2242aa4e169ab2fbb7610b3f92'},toxic
{'toxic_451305263f0a4727b643168c9f0b8cec.wav'},{'451305263f0a4727b643168c9f0b8cec'},toxic
{'toxic_44e7a8e1f5864f0ea0d92f06bc46a338.wav'},{'44e7a8e1f5864f0ea0d92f06bc46a338'},toxic
{'toxic_b20440edbf92486783c504d38f9d96f9.wav'},{'b20440edbf92486783c504d38f9d96f9'},toxic
{'toxic_5d364f45b70a4009b128f48c83b3c235.wav'},{'5d364f45b70a4009b128f48c83b3c235'},toxic
{'toxic_45a28703d023447288d43a264599da95.wav'},{'45a28703d023447288d43a264599da95'},toxic
{'toxic_e6d2291dc66e46ff9afac76009774cf5.wav'},{'e6d2291dc66e46ff9afac76009774cf5'},toxic
{'toxic_4061bc07a8e243cd88d533116ac30ccf.wav'},{'4061bc07a8e243cd88d533116ac30ccf'},toxic
{'toxic_8e7636d7f0e44cef96fa8ca61fa5f640.wav'},{'8e7636d7f0e44cef96fa8ca61fa5f640'},toxic
{'toxic_920f7a81922e4f469089bbc114636a20.wav'},{'920f7a81922e4f469089bbc114636a20'},toxic
{'toxic_380fab78349249b2abe075a06ccba878.wav'},{'380fab78349249b2abe075a06ccba878'},toxic
{'toxic_62ddb25f96af4504a64e6db62f03a972.wav'},{'62ddb25f96af4504a64e6db62f03a972'},toxic
{'toxic_2f8ea9d9935c46e08cef78539f3395d0.wav'},{'2f8ea9d9935c46e08cef78539f3395d0'},toxic
{'toxic_786d11fdad534cfeab448e87bfcf1429.wav'},{'786d11fdad534cfeab448e87bfcf1429'},toxic
{'toxic_4c08000a727f4465a7abd34d32a48952.wav'},{'4c08000a727f4465a7abd34d32a48952'},toxic
{'toxic_ee063a11ac884f0bad7b5319e376454d.wav'},{'ee063a11ac884f0bad7b5319e376454d'},toxic
{'toxic_34249a7b9ae24140baace28040f6a3b5.wav'},{'34249a7b9ae24140baace28040f6a3b5'},toxic
{'toxic_03c38d66bfbb4ea1ba6d70790f778086.wav'},{'03c38d66bfbb4ea1ba6d70790f778086'},toxic
{'toxic_2dec51e6f15c42cfb8251edf1feef22a.wav'},{'2dec51e6f15c42cfb8251edf1feef22a'},toxic
{'toxic_29da00eeac2742438a4e3e0cdc7afad3.wav'},{'29da00eeac2742438a4e3e0cdc7afad3'},toxic
{'toxic_3dba20408713472ea965d33c64da13d3.wav'},{'3dba20408713472ea965d33c64da13d3'},toxic
{'toxic_8564005cc8de46ec9537a9c008670a70.wav'},{'8564005cc8de46ec9537a9c008670a70'},toxic
{'toxic_837b94cfee38496799fb11d96195eade.wav'},{'837b94cfee38496799fb11d96195eade'},toxic
{'toxic_436f9a7e9c04475baf7ac7c51d8e655b.wav'},{'436f9a7e9c04475baf7ac7c51d8e655b'},toxic
{'toxic_c6529d379c07450a880c64c2e481587f.wav'},{'c6529d379c07450a880c64c2e481587f'},toxic
{'toxic_822519d82c374a75a1a85dda0a7c65e5.wav'},{'822519d82c374a75a1a85dda0a7c65e5'},toxic
{'toxic_5504b0f9ec4f4b21827331716e378640.wav'},{'5504b0f9ec4f4b21827331716e378640'},toxic
{'toxic_110ff4a80f94490f94525b1f9ca03a28.wav'},{'110ff4a80f94490f94525b1f9ca03a28'},toxic
{'toxic_ec2cf2bec8e149559b0e12a0c573d006.wav'},{'ec2cf2bec8e149559b0e12a0c573d006'},toxic
{'toxic_d05181e5509c4514b28d351e73695768.wav'},{'d05181e5509c4514b28d351e73695768'},toxic
{'toxic_51e22d65badd4ff7a269553d45fdbfc7.wav'},{'51e22d65badd4ff7a269553d45fdbfc7'},toxic
{'toxic_d307ca5a48bd4847884847ea841c902f.wav'},{'d307ca5a48bd4847884847ea841c902f'},toxic
{'toxic_8b87508473da4fb2bd21eb6f53227d85.wav'},{'8b87508473da4fb2bd21eb6f53227d85'},toxic
{'toxic_42c70afa53b64d9a9a4582df5c7a2484.wav'},{'42c70afa53b64d9a9a4582df5c7a2484'},toxic
{'toxic_77614dcef3684499858495f8db028b91.wav'},{'77614dcef3684499858495f8db028b91'},toxic
{'toxic_67884cc6877e4815af8fc6b6078adceb.wav'},{'67884cc6877e4815af8fc6b6078adceb'},toxic
{'toxic_fcba4f84b69c405092b632a81e98b3c5.wav'},{'fcba4f84b69c405092b632a81e98b3c5'},toxic
{'toxic_5c5a108d21114f3297904e36f4a37a9b.wav'},{'5c5a108d21114f3297904e36f4a37a9b'},toxic
{'toxic_9ff790a4a5e84f4c916307482345417e.wav'},{'9ff790a4a5e84f4c916307482345417e'},toxic
{'toxic_b5426b4abadc428abbe8076fd96cf275.wav'},{'b5426b4abadc428abbe8076fd96cf275'},toxic
{'toxic_c0504fe3e4ef47cfab9b400f8266a73a.wav'},{'c0504fe3e4ef47cfab9b400f8266a73a'},toxic
{'toxic_b0bb4657b1f445e7996375b8551d7b3d.wav'},{'b0bb4657b1f445e7996375b8551d7b3d'},toxic
{'toxic_61dff81ccb33498b8787ee13b3a325c9.wav'},{'61dff81ccb33498b8787ee13b3a325c9'},toxic
{'toxic_4cd62e16ff7c417db6f2e028c975dd5a.wav'},{'4cd62e16ff7c417db6f2e028c975dd5a'},toxic
{'toxic_95436b35ba23405db1b1e0da931f6df7.wav'},{'95436b35ba23405db1b1e0da931f6df7'},toxic
{'toxic_2a862b58783e400684f4ae4d2f67d867.wav'},{'2a862b58783e400684f4ae4d2f67d867'},toxic
{'toxic_cf68c23e65f04fba9daeb2e56c702152.wav'},{'cf68c23e65f04fba9daeb2e56c702152'},toxic
{'toxic_c9405987cd4f46f4b3a85f20686caa51.wav'},{'c9405987cd4f46f4b3a85f20686caa51'},toxic
{'toxic_1f8ed1b73d9e4a2e8b9abc4a28a3143f.wav'},{'1f8ed1b73d9e4a2e8b9abc4a28a3143f'},toxic
{'toxic_4ece49669ecc47b082788beeece52086.wav'},{'4ece49669ecc47b082788beeece52086'},toxic
{'toxic_20c958c36bac4283a2ce01dd585a48f9.wav'},{'20c958c36bac4283a2ce01dd585a48f9'},toxic
{'toxic_7aed954187924bbbab5ba028ddbe28ad.wav'},{'7aed954187924bbbab5ba028ddbe28ad'},toxic
{'toxic_115bb3d3115f4618ad1fe51f6bd257f5.wav'},{'115bb3d3115f4618ad1fe51f6bd257f5'},toxic
{'toxic_3549c154bd194be5bd4c4e6c14be61ce.wav'},{'3549c154bd194be5bd4c4e6c14be61ce'},toxic
{'toxic_8bc4206e5a2d43d1bd340f5bf891e49f.wav'},{'8bc4206e5a2d43d1bd340f5bf891e49f'},toxic
{'toxic_53f4a292cd684fb894ef1a70736b6356.wav'},{'53f4a292cd684fb894ef1a70736b6356'},toxic
{'toxic_31ccdf5ab7464e7591a90aa0aa15b64e.wav'},{'31ccdf5ab7464e7591a90aa0aa15b64e'},toxic
{'toxic_8fe2e2bc680543f4ad97739644b5f74a.wav'},{'8fe2e2bc680543f4ad97739644b5f74a'},toxic
{'toxic_a95aeee9b1ec4709837ee781780582c9.wav'},{'a95aeee9b1ec4709837ee781780582c9'},toxic
{'toxic_c0793184eb974263ba76cf3b1fdc19ef.wav'},{'c0793184eb974263ba76cf3b1fdc19ef'},toxic
{'toxic_f0a6b9d6f4a1423ca61bdf51049b8ee7.wav'},{'f0a6b9d6f4a1423ca61bdf51049b8ee7'},toxic
{'toxic_3503563005c24f01be700fb2bafe3236.wav'},{'3503563005c24f01be700fb2bafe3236'},toxic
{'toxic_d7cead0d51f946e786d95d56e5ff26b3.wav'},{'d7cead0d51f946e786d95d56e5ff26b3'},toxic
{'toxic_059baaa78a044413bfb3022ed8fc60f3.wav'},{'059baaa78a044413bfb3022ed8fc60f3'},toxic
{'toxic_95b7864d154742d98f85deea845a5b38.wav'},{'95b7864d154742d98f85deea845a5b38'},toxic
{'toxic_cc2ad2b250d0432ea60766d1ab98d11a.wav'},{'cc2ad2b250d0432ea60766d1ab98d11a'},toxic
{'toxic_bf845b9c39f34402860e3c0d08be5da0.wav'},{'bf845b9c39f34402860e3c0d08be5da0'},toxic
{'toxic_a882b44e6cf14d8eb41ebc05487ed562.wav'},{'a882b44e6cf14d8eb41ebc05487ed562'},toxic
{'toxic_38ef45e3f7e64fe6b5c106a689e1a2ed.wav'},{'38ef45e3f7e64fe6b5c106a689e1a2ed'},toxic
{'toxic_aaa23246cf2e4c5fab53b587a238677f.wav'},{'aaa23246cf2e4c5fab53b587a238677f'},toxic
{'toxic_0e4a5e35d508415fac3c9cedf73d590b.wav'},{'0e4a5e35d508415fac3c9cedf73d590b'},toxic
{'toxic_fc55bad4dce44c56b826655c3ce8c151.wav'},{'fc55bad4dce44c56b826655c3ce8c151'},toxic
{'toxic_ab47c883a2df4291874caf8a2220bf6a.wav'},{'ab47c883a2df4291874caf8a2220bf6a'},toxic
{'toxic_01fbc471f9ee4cbca8684d32ab1450e5.wav'},{'01fbc471f9ee4cbca8684d32ab1450e5'},toxic
{'toxic_c9f7d91315e542699079b2461b83e8b7.wav'},{'c9f7d91315e542699079b2461b83e8b7'},toxic
{'toxic_a4c337ed7f9d4ff080d277ed83326c70.wav'},{'a4c337ed7f9d4ff080d277ed83326c70'},toxic
{'toxic_77e856f3c2154a41bfb04806dc8875f2.wav'},{'77e856f3c2154a41bfb04806dc8875f2'},toxic
{'toxic_7ed3b10a30e64504a97c9294602308d5.wav'},{'7ed3b10a30e64504a97c9294602308d5'},toxic
{'toxic_e38a3395da53473fa554ad8e06aa4968.wav'},{'e38a3395da53473fa554ad8e06aa4968'},toxic
{'toxic_6ddd023f55184dbeb26122dbc2cdf2ab.wav'},{'6ddd023f55184dbeb26122dbc2cdf2ab'},toxic
{'toxic_1024fd013f7944d1bd5b0374398f7369.wav'},{'1024fd013f7944d1bd5b0374398f7369'},toxic
{'toxic_24e6f9b6b22444518dbfa72f71cf64a2.wav'},{'24e6f9b6b22444518dbfa72f71cf64a2'},toxic
{'toxic_ce565f4b80714536b969457a24e7db48.wav'},{'ce565f4b80714536b969457a24e7db48'},toxic
{'toxic_580beff194324c22a432762364aa6304.wav'},{'580beff194324c22a432762364aa6304'},toxic
{'toxic_1be62f5144e04db0a789520708976c5b.wav'},{'1be62f5144e04db0a789520708976c5b'},toxic
{'toxic_e1feb6ad59d34db385ec3bde3affd15c.wav'},{'e1feb6ad59d34db385ec3bde3affd15c'},toxic
{'toxic_6276caa1605d47a3812e445630fb85ae.wav'},{'6276caa1605d47a3812e445630fb85ae'},toxic
{'toxic_8388385be4084d40996aef7cbeb4e0d7.wav'},{'8388385be4084d40996aef7cbeb4e0d7'},toxic
{'toxic_87f21d0fbf6248d48d05e543102c8caf.wav'},{'87f21d0fbf6248d48d05e543102c8caf'},toxic
{'toxic_703ab954050f4d3a885da2ebd0b8ef6a.wav'},{'703ab954050f4d3a885da2ebd0b8ef6a'},toxic
{'toxic_dd91e2fcd1df4861bbdc4daed1f8bcba.wav'},{'dd91e2fcd1df4861bbdc4daed1f8bcba'},toxic
{'toxic_8098b11c59db48068dff76c26b3690a3.wav'},{'8098b11c59db48068dff76c26b3690a3'},toxic
{'toxic_56c2e3523445439b9cbbab723feb9c15.wav'},{'56c2e3523445439b9cbbab723feb9c15'},toxic
{'toxic_96251e4246f747969f0f7c6fd7a3c695.wav'},{'96251e4246f747969f0f7c6fd7a3c695'},toxic
{'toxic_6812e6aa4398479e8c30b4fa613d89d0.wav'},{'6812e6aa4398479e8c30b4fa613d89d0'},toxic
{'toxic_2d62546da31e471daca155006f731118.wav'},{'2d62546da31e471daca155006f731118'},toxic
{'toxic_eb376f2064b743aeb5a4b2c21e5689a2.wav'},{'eb376f2064b743aeb5a4b2c21e5689a2'},toxic
{'toxic_d601f042d4314b16a25b363e09a30eb7.wav'},{'d601f042d4314b16a25b363e09a30eb7'},toxic
{'toxic_bfc3dd3fccd54d289472fc28c4171eaa.wav'},{'bfc3dd3fccd54d289472fc28c4171eaa'},toxic
{'toxic_3a0cc6d8cb3746b8ba267a971bea696a.wav'},{'3a0cc6d8cb3746b8ba267a971bea696a'},toxic
{'toxic_21f08183cac34d3b8e6a9df09c03c2d1.wav'},{'21f08183cac34d3b8e6a9df09c03c2d1'},toxic
{'toxic_df8cd38f0f0e47408a36b1da398daa6d.wav'},{'df8cd38f0f0e47408a36b1da398daa6d'},toxic
{'toxic_0b4d2f146f4e43d8b589a8feb19431ed.wav'},{'0b4d2f146f4e43d8b589a8feb19431ed'},toxic
{'toxic_28aa311a850d409495c4de1ce79c977f.wav'},{'28aa311a850d409495c4de1ce79c977f'},toxic
{'toxic_1260998ab96f48aabfccf418c99e3f9d.wav'},{'1260998ab96f48aabfccf418c99e3f9d'},toxic
{'toxic_7a4fcd034206423f914a0861807dde7f.wav'},{'7a4fcd034206423f914a0861807dde7f'},toxic
{'toxic_19ad8cfb2e4a455e9601672f402ac800.wav'},{'19ad8cfb2e4a455e9601672f402ac800'},toxic
{'toxic_bcae5f9bf5874fb9942cfd1fd3a5dee1.wav'},{'bcae5f9bf5874fb9942cfd1fd3a5dee1'},toxic
{'toxic_dbea9e45342c483dae967330541bc2ca.wav'},{'dbea9e45342c483dae967330541bc2ca'},toxic
{'toxic_f16be29280bb45f69b189fe1293c94e8.wav'},{'f16be29280bb45f69b189fe1293c94e8'},toxic
{'toxic_f9a82497336b4c6eb783f2f29892a1d5.wav'},{'f9a82497336b4c6eb783f2f29892a1d5'},toxic
{'toxic_dbc9a914b94543719a4ea630e2c87802.wav'},{'dbc9a914b94543719a4ea630e2c87802'},toxic
{'toxic_15eaac84cbef404fa0a02f85f032c3b2.wav'},{'15eaac84cbef404fa0a02f85f032c3b2'},toxic
{'toxic_da3e4b022f9849bda49142a2a16f1419.wav'},{'da3e4b022f9849bda49142a2a16f1419'},toxic
{'toxic_0d2603d2112047149e5430c03733787b.wav'},{'0d2603d2112047149e5430c03733787b'},toxic
{'toxic_b95596fe5a96418297a6ec4150650908.wav'},{'b95596fe5a96418297a6ec4150650908'},toxic
{'toxic_8743d107b97a4a82b0fba2d6721cb93b.wav'},{'8743d107b97a4a82b0fba2d6721cb93b'},toxic
{'toxic_647f4b64262849549afb24154b6ad5d1.wav'},{'647f4b64262849549afb24154b6ad5d1'},toxic
{'toxic_a2760aca4c1044b28cf9966859963c52.wav'},{'a2760aca4c1044b28cf9966859963c52'},toxic
{'toxic_f7f507d784e7429d95a3913a6a920449.wav'},{'f7f507d784e7429d95a3913a6a920449'},toxic
{'toxic_4c851d560a7144c996e92544a36bfe6f.wav'},{'4c851d560a7144c996e92544a36bfe6f'},toxic
{'toxic_3868b15ceeb14337b8a4423636724785.wav'},{'3868b15ceeb14337b8a4423636724785'},toxic
{'toxic_2d3e1b81d48d4be58aa5446dcf7477ec.wav'},{'2d3e1b81d48d4be58aa5446dcf7477ec'},toxic
{'toxic_fcb0d2dc65ab438eb2f2d4fcaddd14c1.wav'},{'fcb0d2dc65ab438eb2f2d4fcaddd14c1'},toxic
{'toxic_42394436c09043b2857cd1c7ae430b6c.wav'},{'42394436c09043b2857cd1c7ae430b6c'},toxic
{'toxic_118e7795deb14ae38e773e021e5e5f62.wav'},{'118e7795deb14ae38e773e021e5e5f62'},toxic
{'toxic_953c0c9da70b49b8982f3ddf7c1edd50.wav'},{'953c0c9da70b49b8982f3ddf7c1edd50'},toxic
{'toxic_e1981384d6bb4e51b447a854fbe12513.wav'},{'e1981384d6bb4e51b447a854fbe12513'},toxic
{'toxic_ea7b3c25b80e413e9c21d3fb29b4d918.wav'},{'ea7b3c25b80e413e9c21d3fb29b4d918'},toxic
{'toxic_8b96847332134ba89420c9538230d27f.wav'},{'8b96847332134ba89420c9538230d27f'},toxic
{'toxic_bc859a2a7a8445809cb2c98a43f1f9b7.wav'},{'bc859a2a7a8445809cb2c98a43f1f9b7'},toxic
{'toxic_2e71a86a171b4abc8d9799eee3ec3a05.wav'},{'2e71a86a171b4abc8d9799eee3ec3a05'},toxic
{'toxic_e35af2b9bd7d4dbcb437608f09b35d34.wav'},{'e35af2b9bd7d4dbcb437608f09b35d34'},toxic
{'toxic_d55376876a83437982d17dcd8b492e92.wav'},{'d55376876a83437982d17dcd8b492e92'},toxic
{'toxic_c739c365418f412b9f099eeeeb210305.wav'},{'c739c365418f412b9f099eeeeb210305'},toxic
{'toxic_10c8b12ca5804d3c9d109b9f6db5d945.wav'},{'10c8b12ca5804d3c9d109b9f6db5d945'},toxic
{'toxic_8717c1425e944efba247fa20e0a231f9.wav'},{'8717c1425e944efba247fa20e0a231f9'},toxic
{'toxic_c11dd014daa34b6d885caeec9232411a.wav'},{'c11dd014daa34b6d885caeec9232411a'},toxic
{'toxic_b1b42113ecd946f9aa7cf6e924a3052f.wav'},{'b1b42113ecd946f9aa7cf6e924a3052f'},toxic
{'toxic_84adceb897214e3bb9c82b3f5ff020d1.wav'},{'84adceb897214e3bb9c82b3f5ff020d1'},toxic
{'toxic_9565963fc5724d339e482b9894fec24d.wav'},{'9565963fc5724d339e482b9894fec24d'},toxic
{'toxic_536896904f614e6c8289ae61edaaea39.wav'},{'536896904f614e6c8289ae61edaaea39'},toxic
{'toxic_fa1c9cab4b654e7482dd5f1a9eeb9cbe.wav'},{'fa1c9cab4b654e7482dd5f1a9eeb9cbe'},toxic
{'toxic_a2d883bf9ce54973b666ef7e1d8c20df.wav'},{'a2d883bf9ce54973b666ef7e1d8c20df'},toxic
{'toxic_0acfe60ba7614c8da6c279e45ea8987b.wav'},{'0acfe60ba7614c8da6c279e45ea8987b'},toxic
{'toxic_644df17feb564852a8a073c5ebd8e422.wav'},{'644df17feb564852a8a073c5ebd8e422'},toxic
{'toxic_c0b70843f2c743df855d3709760162a4.wav'},{'c0b70843f2c743df855d3709760162a4'},toxic
{'toxic_1b78f36cfe0d4ebc90255da423de2550.wav'},{'1b78f36cfe0d4ebc90255da423de2550'},toxic
{'toxic_0426aaebb5034434a2caeacdaa3abfcc.wav'},{'0426aaebb5034434a2caeacdaa3abfcc'},toxic
{'toxic_737088a7035c4d289f66ccb7ff27edd4.wav'},{'737088a7035c4d289f66ccb7ff27edd4'},toxic
{'toxic_e75fc620f38b4ef189a94fe6fbd0593a.wav'},{'e75fc620f38b4ef189a94fe6fbd0593a'},toxic
{'toxic_e8a967b64b934ad39b6a8ce4ee36080b.wav'},{'e8a967b64b934ad39b6a8ce4ee36080b'},toxic
{'toxic_3f361443a72d45eba6870e59d83e5aa8.wav'},{'3f361443a72d45eba6870e59d83e5aa8'},toxic
{'toxic_852bb2383e0640a29cf02842a462cca7.wav'},{'852bb2383e0640a29cf02842a462cca7'},toxic
{'toxic_7a7bf181435f48fdafee3dcd5e76ae4e.wav'},{'7a7bf181435f48fdafee3dcd5e76ae4e'},toxic
{'toxic_45ed05cc17ce49fca81d930662e26beb.wav'},{'45ed05cc17ce49fca81d930662e26beb'},toxic
{'toxic_eff376ff3405434c80a71d7a20a5f9a0.wav'},{'eff376ff3405434c80a71d7a20a5f9a0'},toxic
{'toxic_99ed9233244948beb8581d61346dcea7.wav'},{'99ed9233244948beb8581d61346dcea7'},toxic
{'toxic_46475849512246b687578d580fba6335.wav'},{'46475849512246b687578d580fba6335'},toxic
{'toxic_1af5119eb20a42dbb268014b74227b1f.wav'},{'1af5119eb20a42dbb268014b74227b1f'},toxic
{'toxic_25560f4343eb4c5f975339218f135ba6.wav'},{'25560f4343eb4c5f975339218f135ba6'},toxic
{'toxic_e4596bdeced94ba097223a3e7389787b.wav'},{'e4596bdeced94ba097223a3e7389787b'},toxic
{'toxic_c248326dd7e04af2ac6f568b507d9221.wav'},{'c248326dd7e04af2ac6f568b507d9221'},toxic
{'toxic_4ae78350c9564cbf89f36bbdd6d35acb.wav'},{'4ae78350c9564cbf89f36bbdd6d35acb'},toxic
{'toxic_c35556abbf0a4c989f01e83894219aea.wav'},{'c35556abbf0a4c989f01e83894219aea'},toxic
{'toxic_cdacbb66e2064abb81c5c68eaf8bf471.wav'},{'cdacbb66e2064abb81c5c68eaf8bf471'},toxic
{'toxic_f179a6c9dd704602ab07ebf9b8ebabce.wav'},{'f179a6c9dd704602ab07ebf9b8ebabce'},toxic
{'toxic_c70c9b2d16b94c1d9445c2577f8df1c2.wav'},{'c70c9b2d16b94c1d9445c2577f8df1c2'},toxic
{'toxic_d5836d109c3c4930bce6fb9c510e8f95.wav'},{'d5836d109c3c4930bce6fb9c510e8f95'},toxic
{'toxic_d87215f61e7a4611aa859412edaf01c1.wav'},{'d87215f61e7a4611aa859412edaf01c1'},toxic
{'toxic_e1131e896340467f97aa4fc5a20b3a4c.wav'},{'e1131e896340467f97aa4fc5a20b3a4c'},toxic
{'toxic_7ad867cfbafa4348a1e1a8ec33730cff.wav'},{'7ad867cfbafa4348a1e1a8ec33730cff'},toxic
{'toxic_a8bc50e8144a4120ae3818be53d5349c.wav'},{'a8bc50e8144a4120ae3818be53d5349c'},toxic
{'toxic_29ea0f583c614599aeb860cc2cab2bf6.wav'},{'29ea0f583c614599aeb860cc2cab2bf6'},toxic
{'toxic_d710c0128d94451a8f095c2f2c59c6e6.wav'},{'d710c0128d94451a8f095c2f2c59c6e6'},toxic
{'toxic_50592fa808704014a0696623f8444334.wav'},{'50592fa808704014a0696623f8444334'},toxic
{'toxic_308c639380424711be84a57926effd3e.wav'},{'308c639380424711be84a57926effd3e'},toxic
{'toxic_d050546694624ee7a1562edab07237ef.wav'},{'d050546694624ee7a1562edab07237ef'},toxic
{'toxic_9fee16a7a4e04226a869e95461d55742.wav'},{'9fee16a7a4e04226a869e95461d55742'},toxic
{'toxic_385d109588044c6cb6343cc2b604858f.wav'},{'385d109588044c6cb6343cc2b604858f'},toxic
{'toxic_b0aa3386b4044f35ac0a98830ab36d69.wav'},{'b0aa3386b4044f35ac0a98830ab36d69'},toxic
{'toxic_fedb9ad8194447938cd26c6d8da06eab.wav'},{'fedb9ad8194447938cd26c6d8da06eab'},toxic
{'toxic_7b07c94d95164dea9f6454e72cbed8f6.wav'},{'7b07c94d95164dea9f6454e72cbed8f6'},toxic
{'toxic_e08e1c8aea374472a7d4da04669cb9fb.wav'},{'e08e1c8aea374472a7d4da04669cb9fb'},toxic
{'toxic_76def9d27b7943419da819fc80b008cc.wav'},{'76def9d27b7943419da819fc80b008cc'},toxic
{'toxic_7a3d109ed2cf48328cff497f643619d6.wav'},{'7a3d109ed2cf48328cff497f643619d6'},toxic
{'toxic_98f36958ab2c4ce2b7e4c8c5fe20d19c.wav'},{'98f36958ab2c4ce2b7e4c8c5fe20d19c'},toxic
{'toxic_236c29ecca5b4a22a679115b2c645675.wav'},{'236c29ecca5b4a22a679115b2c645675'},toxic
{'toxic_52238ba5e52043d9969e8b02aa920791.wav'},{'52238ba5e52043d9969e8b02aa920791'},toxic
{'toxic_323bbe5d55c14dd292911f54737c3ccf.wav'},{'323bbe5d55c14dd292911f54737c3ccf'},toxic
{'toxic_a610e026c78546df867132d726021488.wav'},{'a610e026c78546df867132d726021488'},toxic
{'toxic_63f2a284c185499b92af7fccfc77c6ab.wav'},{'63f2a284c185499b92af7fccfc77c6ab'},toxic
{'toxic_16204e276f2c47009fbab17c6dbd5550.wav'},{'16204e276f2c47009fbab17c6dbd5550'},toxic
{'toxic_411c249103bb45b09524f36be43cc37e.wav'},{'411c249103bb45b09524f36be43cc37e'},toxic
{'toxic_27eeb26176f4446cadab58adc3203579.wav'},{'27eeb26176f4446cadab58adc3203579'},toxic
{'toxic_b018e40e7a804308b695f225619000e8.wav'},{'b018e40e7a804308b695f225619000e8'},toxic
{'toxic_15b4e842687347c6b3efb3fd25583164.wav'},{'15b4e842687347c6b3efb3fd25583164'},toxic
{'toxic_9a3b742380ba4c138bddc54d0866f34c.wav'},{'9a3b742380ba4c138bddc54d0866f34c'},toxic
{'toxic_d498e85a87f54f0d9322e8087072f9aa.wav'},{'d498e85a87f54f0d9322e8087072f9aa'},toxic
{'toxic_5f5f9b912b204c6f8693203c1030497d.wav'},{'5f5f9b912b204c6f8693203c1030497d'},toxic
{'toxic_da5766c479b14563b2af41aac1e69e8b.wav'},{'da5766c479b14563b2af41aac1e69e8b'},toxic
{'toxic_bb4a850c7b514617842afcfb62a782eb.wav'},{'bb4a850c7b514617842afcfb62a782eb'},toxic
{'toxic_ee188abb4ee84465b963a79c9297a8a0.wav'},{'ee188abb4ee84465b963a79c9297a8a0'},toxic
{'toxic_ba3e5ebfc6de49cc83503d3d9404454f.wav'},{'ba3e5ebfc6de49cc83503d3d9404454f'},toxic
{'toxic_e85afe3d14a44fdaa8453f3a60b2262b.wav'},{'e85afe3d14a44fdaa8453f3a60b2262b'},toxic
{'toxic_32c71081723b4c769d2e55ac6b0ee306.wav'},{'32c71081723b4c769d2e55ac6b0ee306'},toxic
{'toxic_4412a994b3594bdd91522ec30920196b.wav'},{'4412a994b3594bdd91522ec30920196b'},toxic
{'toxic_e334dd1abcfc4d07a305c29ffdbb6f45.wav'},{'e334dd1abcfc4d07a305c29ffdbb6f45'},toxic
{'toxic_ba88aeb971b54d51a0c713697412a4a8.wav'},{'ba88aeb971b54d51a0c713697412a4a8'},toxic
{'toxic_10a7fac864014fd582afd56e785540a3.wav'},{'10a7fac864014fd582afd56e785540a3'},toxic
{'toxic_a7c8f9a1e08646a7a01ddc7c40bec393.wav'},{'a7c8f9a1e08646a7a01ddc7c40bec393'},toxic
{'toxic_06de39a4b17843139f8fd8bbeb25c75c.wav'},{'06de39a4b17843139f8fd8bbeb25c75c'},toxic
{'toxic_922ba67aec8f49eeae05e936494e4dec.wav'},{'922ba67aec8f49eeae05e936494e4dec'},toxic
{'toxic_809b9b98652d4c0e8acb6b3de5afa631.wav'},{'809b9b98652d4c0e8acb6b3de5afa631'},toxic
{'toxic_6364198c2b8f423aa7d2f088b5105efb.wav'},{'6364198c2b8f423aa7d2f088b5105efb'},toxic
{'toxic_52d355bbf36243fb82929d33ebc2f769.wav'},{'52d355bbf36243fb82929d33ebc2f769'},toxic
{'toxic_c5b5d992b0a842498051491b6355cc19.wav'},{'c5b5d992b0a842498051491b6355cc19'},toxic
{'toxic_032e3316b09c45e1a84dab4d51809b5c.wav'},{'032e3316b09c45e1a84dab4d51809b5c'},toxic
{'toxic_de29bc8a8a35416991968c2f94790200.wav'},{'de29bc8a8a35416991968c2f94790200'},toxic
{'toxic_8d057a3c26a54f37a47b807d3e67dfe6.wav'},{'8d057a3c26a54f37a47b807d3e67dfe6'},toxic
{'toxic_5017374745504c4f821b5aa675796afc.wav'},{'5017374745504c4f821b5aa675796afc'},toxic
{'toxic_444b73722b5443dd9edce003e446249a.wav'},{'444b73722b5443dd9edce003e446249a'},toxic
{'toxic_0b9a690605194e749d7e8f87d27846de.wav'},{'0b9a690605194e749d7e8f87d27846de'},toxic
{'toxic_56d56c5aaba44f4981fe30dd01b5935c.wav'},{'56d56c5aaba44f4981fe30dd01b5935c'},toxic
{'toxic_c2f092c77d51496a8bc33870cc668b08.wav'},{'c2f092c77d51496a8bc33870cc668b08'},toxic
{'toxic_74881e9aeb614dfbb5a3c9152d42f975.wav'},{'74881e9aeb614dfbb5a3c9152d42f975'},toxic
{'toxic_309e2002e0944c36b36101dacf50861d.wav'},{'309e2002e0944c36b36101dacf50861d'},toxic
{'toxic_610ab41bd8224c47bac3f66cf13e82ef.wav'},{'610ab41bd8224c47bac3f66cf13e82ef'},toxic
{'toxic_2afb74e5db9d44c4ad0fa10bb1d8f054.wav'},{'2afb74e5db9d44c4ad0fa10bb1d8f054'},toxic
{'toxic_830ce2325c16498991fd5369a3a5b025.wav'},{'830ce2325c16498991fd5369a3a5b025'},toxic
{'toxic_e9683bdd5c6b419eb86787ada809d272.wav'},{'e9683bdd5c6b419eb86787ada809d272'},toxic
{'toxic_bf94b7c3f4f94c51a78f19620c4f77e4.wav'},{'bf94b7c3f4f94c51a78f19620c4f77e4'},toxic
{'toxic_01d3ffd06a9a42369e3db523ee4cd9b7.wav'},{'01d3ffd06a9a42369e3db523ee4cd9b7'},toxic
{'toxic_eb39468ffb5e42ff92795bebb397e392.wav'},{'eb39468ffb5e42ff92795bebb397e392'},toxic
{'toxic_3bb12c840de64c9d89e537a169111c8d.wav'},{'3bb12c840de64c9d89e537a169111c8d'},toxic
{'toxic_15bb5ab0379e4c0b92f6f4d8655e4c68.wav'},{'15bb5ab0379e4c0b92f6f4d8655e4c68'},toxic
{'toxic_f34351dadb1c415daba0b9d24aba5404.wav'},{'f34351dadb1c415daba0b9d24aba5404'},toxic
{'toxic_83087d8249a0437d9acae5af567e2def.wav'},{'83087d8249a0437d9acae5af567e2def'},toxic
{'toxic_eda4447b0be54b0293535ea5a929f362.wav'},{'eda4447b0be54b0293535ea5a929f362'},toxic
{'toxic_a38810d4847e4cbeacdabef979aec418.wav'},{'a38810d4847e4cbeacdabef979aec418'},toxic
{'toxic_8819e4ef3a21422cb9bba6430cd4764d.wav'},{'8819e4ef3a21422cb9bba6430cd4764d'},toxic
{'toxic_e0962c48adc9454d9476c82210429f4e.wav'},{'e0962c48adc9454d9476c82210429f4e'},toxic
{'toxic_b9dcb589eb394468befee364dc3b68ab.wav'},{'b9dcb589eb394468befee364dc3b68ab'},toxic
{'toxic_a3771d982bf84753b63c91e9ada1f44a.wav'},{'a3771d982bf84753b63c91e9ada1f44a'},toxic
{'toxic_d7ca8225be624a4c9d8d674350e5e500.wav'},{'d7ca8225be624a4c9d8d674350e5e500'},toxic
{'toxic_420c3a347d0a4fab8d293c5c2ad1b3cc.wav'},{'420c3a347d0a4fab8d293c5c2ad1b3cc'},toxic
{'toxic_8bd25803f52a4742b3fbe28b49058f8e.wav'},{'8bd25803f52a4742b3fbe28b49058f8e'},toxic
{'toxic_bbe2c2b24bf548fd82c7538ba41d4a8d.wav'},{'bbe2c2b24bf548fd82c7538ba41d4a8d'},toxic
{'toxic_b75ad109801647cfb518eb624597b011.wav'},{'b75ad109801647cfb518eb624597b011'},toxic
{'toxic_41ca3069a37548a0a105b97a67ce72c9.wav'},{'41ca3069a37548a0a105b97a67ce72c9'},toxic
{'toxic_37937d051c5c43b6b26a0a5681dd4363.wav'},{'37937d051c5c43b6b26a0a5681dd4363'},toxic
{'toxic_7a717bde51c7465ba2acda4e91f491ec.wav'},{'7a717bde51c7465ba2acda4e91f491ec'},toxic
{'toxic_af47a14f59fc4f52a119b381c7d2eadb.wav'},{'af47a14f59fc4f52a119b381c7d2eadb'},toxic
{'toxic_2cd4b43c1b5648659dbc40c86a4a22fe.wav'},{'2cd4b43c1b5648659dbc40c86a4a22fe'},toxic
{'toxic_9c885bce59b94b07b266400d86f5975f.wav'},{'9c885bce59b94b07b266400d86f5975f'},toxic
{'toxic_34847388374e4949a7fe01faba0e70cf.wav'},{'34847388374e4949a7fe01faba0e70cf'},toxic
{'toxic_0a24b6a8d0ff489ca43e29a985ccde56.wav'},{'0a24b6a8d0ff489ca43e29a985ccde56'},toxic
{'toxic_e18844150ed74199895979ae72b6b494.wav'},{'e18844150ed74199895979ae72b6b494'},toxic
{'toxic_eaba6f7f5916432da397d1c211823177.wav'},{'eaba6f7f5916432da397d1c211823177'},toxic
{'toxic_175c8027cae54fbea713a4c67965f32b.wav'},{'175c8027cae54fbea713a4c67965f32b'},toxic
{'toxic_a85668d312ab4d9e9762304a7716789b.wav'},{'a85668d312ab4d9e9762304a7716789b'},toxic
{'toxic_a1ce2191d9fe440fb0e95fb2a9c791d4.wav'},{'a1ce2191d9fe440fb0e95fb2a9c791d4'},toxic
{'toxic_79d07c2c2dd64090a268aa95969386fc.wav'},{'79d07c2c2dd64090a268aa95969386fc'},toxic
{'toxic_f5dcdab380284dc78f59399fabe2c19e.wav'},{'f5dcdab380284dc78f59399fabe2c19e'},toxic
{'toxic_8429029109e24a7aafe185fe0439f4f0.wav'},{'8429029109e24a7aafe185fe0439f4f0'},toxic
{'toxic_8e456b9dc60b490a9b6185f6e2edc958.wav'},{'8e456b9dc60b490a9b6185f6e2edc958'},toxic
{'toxic_711bbe89302c4538bbee4b51bb6a45ff.wav'},{'711bbe89302c4538bbee4b51bb6a45ff'},toxic
{'toxic_5f65cdb00ffb42cd8b90f71c5cd2dfd7.wav'},{'5f65cdb00ffb42cd8b90f71c5cd2dfd7'},toxic
{'toxic_0dd98a2fb84f439a9c576e2ae94858ed.wav'},{'0dd98a2fb84f439a9c576e2ae94858ed'},toxic
{'toxic_51879d01e37249af85b55ee7ed7bb44c.wav'},{'51879d01e37249af85b55ee7ed7bb44c'},toxic
{'toxic_0294821038954cee9dacddcff2c457b8.wav'},{'0294821038954cee9dacddcff2c457b8'},toxic
{'toxic_ce77a52cdd644eceaffb10d4a52de9b7.wav'},{'ce77a52cdd644eceaffb10d4a52de9b7'},toxic
{'toxic_077594bbcc5548468e7949668a564f4e.wav'},{'077594bbcc5548468e7949668a564f4e'},toxic
{'toxic_b95fe30a620e481ba47e9dda8d465a7a.wav'},{'b95fe30a620e481ba47e9dda8d465a7a'},toxic
{'toxic_7ccb831835ad4f27ab7a2fcb71418c5e.wav'},{'7ccb831835ad4f27ab7a2fcb71418c5e'},toxic
{'toxic_1c71b9eb39fc4b1893cc678939317f6d.wav'},{'1c71b9eb39fc4b1893cc678939317f6d'},toxic
{'toxic_b28e28e999b44b46a90c8819e2cbac64.wav'},{'b28e28e999b44b46a90c8819e2cbac64'},toxic
{'toxic_a87e646d0e08467286aaba43bad70dcc.wav'},{'a87e646d0e08467286aaba43bad70dcc'},toxic
{'toxic_ea71b78f49944d8e973269c8044d148a.wav'},{'ea71b78f49944d8e973269c8044d148a'},toxic
{'toxic_adc95c5583d548bbaa69e9e5c4d293fb.wav'},{'adc95c5583d548bbaa69e9e5c4d293fb'},toxic
{'toxic_ca82e05e05e94af9b4f62dd847c5055b.wav'},{'ca82e05e05e94af9b4f62dd847c5055b'},toxic
{'toxic_5bca2e0d1ac44e64822a1233a2c4455d.wav'},{'5bca2e0d1ac44e64822a1233a2c4455d'},toxic
{'toxic_504ab340f1e94294b826c4cc16a0bef5.wav'},{'504ab340f1e94294b826c4cc16a0bef5'},toxic
{'toxic_2a35c12369a64fc29a34bea5f7ace6fd.wav'},{'2a35c12369a64fc29a34bea5f7ace6fd'},toxic
{'toxic_dd1bbd5be19f402e9164e399fa2fdbc9.wav'},{'dd1bbd5be19f402e9164e399fa2fdbc9'},toxic
{'toxic_83c48ceec6a74dfbab079291d997e1a9.wav'},{'83c48ceec6a74dfbab079291d997e1a9'},toxic
{'toxic_5eee512770f749e0a1571392ba519b06.wav'},{'5eee512770f749e0a1571392ba519b06'},toxic
{'toxic_71d8e7910eba4bff803697bc86059042.wav'},{'71d8e7910eba4bff803697bc86059042'},toxic
{'toxic_320fa27ab4a74a35a3a6b62b69380d49.wav'},{'320fa27ab4a74a35a3a6b62b69380d49'},toxic
{'toxic_611a81406a374dd786c7dd04140b8026.wav'},{'611a81406a374dd786c7dd04140b8026'},toxic
{'toxic_fc0d8892c21942cf93782a5e466d1993.wav'},{'fc0d8892c21942cf93782a5e466d1993'},toxic
{'toxic_ff6bccff2dca4e72b4c683797a543763.wav'},{'ff6bccff2dca4e72b4c683797a543763'},toxic
{'toxic_1bc3ed7deb6e446ab804c1fdd6c2aa3e.wav'},{'1bc3ed7deb6e446ab804c1fdd6c2aa3e'},toxic
{'toxic_8561a29abcb240d9ac53251a7694f68a.wav'},{'8561a29abcb240d9ac53251a7694f68a'},toxic
{'toxic_65b3de338d5d46c193f4daa923783011.wav'},{'65b3de338d5d46c193f4daa923783011'},toxic
{'toxic_f24c4bf7a75c4b0988ecd6b520854d33.wav'},{'f24c4bf7a75c4b0988ecd6b520854d33'},toxic
{'toxic_92ad9de834ba4204a9772d1a1efa942d.wav'},{'92ad9de834ba4204a9772d1a1efa942d'},toxic
{'toxic_5f7c28be4bcc42fcb58314df4fe26a49.wav'},{'5f7c28be4bcc42fcb58314df4fe26a49'},toxic
{'toxic_c556654e1bd541429d2569cc134c1947.wav'},{'c556654e1bd541429d2569cc134c1947'},toxic
{'toxic_fe700b6f70f4481c82a1277b753aa39d.wav'},{'fe700b6f70f4481c82a1277b753aa39d'},toxic
{'toxic_6485e5b45c4c48a5bba648e2fb75be16.wav'},{'6485e5b45c4c48a5bba648e2fb75be16'},toxic
{'toxic_096b44229c0c4c32b7153e906a6a5f9a.wav'},{'096b44229c0c4c32b7153e906a6a5f9a'},toxic
{'toxic_69b6adece04c4b0d96d3341d84d7682e.wav'},{'69b6adece04c4b0d96d3341d84d7682e'},toxic
{'toxic_7aa9e4d6bff6468eb72aad62e25ee1d2.wav'},{'7aa9e4d6bff6468eb72aad62e25ee1d2'},toxic
{'toxic_4f29aacffa9a40c2a07a208a10abf17d.wav'},{'4f29aacffa9a40c2a07a208a10abf17d'},toxic
{'toxic_2d77d4a86e9f40a8bff7936302361dbb.wav'},{'2d77d4a86e9f40a8bff7936302361dbb'},toxic
{'toxic_3aab5b0a3480462c893b714a4c4d7de5.wav'},{'3aab5b0a3480462c893b714a4c4d7de5'},toxic
{'toxic_3d00e855a1b1409587406e1129c00795.wav'},{'3d00e855a1b1409587406e1129c00795'},toxic
{'toxic_ec2bc7bce0ce400797c633aa9fea31d2.wav'},{'ec2bc7bce0ce400797c633aa9fea31d2'},toxic
{'toxic_a5a82d2e40ff401a8e5cf823a2a8b36c.wav'},{'a5a82d2e40ff401a8e5cf823a2a8b36c'},toxic
{'toxic_c5fa435084f84f79b6ed12bf2fa7cc8a.wav'},{'c5fa435084f84f79b6ed12bf2fa7cc8a'},toxic
{'toxic_aeba3f7a0c234b6ea2f190cb18d9f880.wav'},{'aeba3f7a0c234b6ea2f190cb18d9f880'},toxic
{'toxic_1d6bd809fda244e2b50963e4ea802cef.wav'},{'1d6bd809fda244e2b50963e4ea802cef'},toxic
{'toxic_13d0a979e9ab48028a0ad6b9e52e1a7c.wav'},{'13d0a979e9ab48028a0ad6b9e52e1a7c'},toxic
{'toxic_6f5cc35ddc86410babdfb8b278df8859.wav'},{'6f5cc35ddc86410babdfb8b278df8859'},toxic
{'toxic_a2df776a9ff24808b2aa968855f53180.wav'},{'a2df776a9ff24808b2aa968855f53180'},toxic
{'toxic_d70896ff252c49679c8bd0022ee61583.wav'},{'d70896ff252c49679c8bd0022ee61583'},toxic
{'toxic_a00339bfccd94cea9b465adc90678d22.wav'},{'a00339bfccd94cea9b465adc90678d22'},toxic
{'toxic_d5bc8487b811436fa90d63cda2b48cc0.wav'},{'d5bc8487b811436fa90d63cda2b48cc0'},toxic
{'toxic_5f0b9b7a9d0b458fb277e4f9da07326c.wav'},{'5f0b9b7a9d0b458fb277e4f9da07326c'},toxic
{'toxic_9a61faa43b734e2f8b1826009ea2f9b0.wav'},{'9a61faa43b734e2f8b1826009ea2f9b0'},toxic
{'toxic_d42bb32c330e4eb19d9690083609a1f3.wav'},{'d42bb32c330e4eb19d9690083609a1f3'},toxic
{'toxic_c5aa85e0966a4689a58ca18b5de304a6.wav'},{'c5aa85e0966a4689a58ca18b5de304a6'},toxic
{'toxic_4d00fc6d891849cb88e16f9077a41e75.wav'},{'4d00fc6d891849cb88e16f9077a41e75'},toxic
{'toxic_c3dfba6d76a44ffb97707ea11743f528.wav'},{'c3dfba6d76a44ffb97707ea11743f528'},toxic
{'toxic_9990edd76a1544deb34f4b948f18ee17.wav'},{'9990edd76a1544deb34f4b948f18ee17'},toxic
{'toxic_b482f5261c7e49a1862db9c5a2fbe226.wav'},{'b482f5261c7e49a1862db9c5a2fbe226'},toxic
{'toxic_3db30512ce2d4e5a84e1840790ee01dc.wav'},{'3db30512ce2d4e5a84e1840790ee01dc'},toxic
{'toxic_892bf7406f9447e6ad27b4cd30dd5d9a.wav'},{'892bf7406f9447e6ad27b4cd30dd5d9a'},toxic
{'toxic_68aeb201b4444d3cb652f791e1bc9f37.wav'},{'68aeb201b4444d3cb652f791e1bc9f37'},toxic
{'toxic_4c524cce95884a228740052cd94f2660.wav'},{'4c524cce95884a228740052cd94f2660'},toxic
{'toxic_0f9c241a71fc47efba1fcd581b0db7d9.wav'},{'0f9c241a71fc47efba1fcd581b0db7d9'},toxic
{'toxic_15b3fb098677425e9cfe24dc5afa31d7.wav'},{'15b3fb098677425e9cfe24dc5afa31d7'},toxic
{'toxic_41e9563c814143a7a9f1073ca9969894.wav'},{'41e9563c814143a7a9f1073ca9969894'},toxic
{'toxic_1fa5cbc5a8554f8797f54dbeca86e03d.wav'},{'1fa5cbc5a8554f8797f54dbeca86e03d'},toxic
{'toxic_1cc6eecd81894a38bcb59f51a39b5a92.wav'},{'1cc6eecd81894a38bcb59f51a39b5a92'},toxic
{'toxic_027973ab8b9b47b7b2bf57758ba1d401.wav'},{'027973ab8b9b47b7b2bf57758ba1d401'},toxic
{'toxic_6f9880eacf0c4b2bb7fb54f6cc4b0bac.wav'},{'6f9880eacf0c4b2bb7fb54f6cc4b0bac'},toxic
{'toxic_3dadb1b0087e49d186fbd25b959c7d93.wav'},{'3dadb1b0087e49d186fbd25b959c7d93'},toxic
{'toxic_0e44e7b4c84949f6ba565c009a163d24.wav'},{'0e44e7b4c84949f6ba565c009a163d24'},toxic
{'toxic_65a199b8e1ee4ae0ac93b39718fbd497.wav'},{'65a199b8e1ee4ae0ac93b39718fbd497'},toxic
{'toxic_0ef96cee89564927b84f4040dfb6d4c2.wav'},{'0ef96cee89564927b84f4040dfb6d4c2'},toxic
{'toxic_735fb36663d64ff98689a1cdf6732e7c.wav'},{'735fb36663d64ff98689a1cdf6732e7c'},toxic
{'toxic_0229782d9d794f84a4416e9ca7919b65.wav'},{'0229782d9d794f84a4416e9ca7919b65'},toxic
{'toxic_5d8a1cf16d784ee390c7a9b0ed9c8322.wav'},{'5d8a1cf16d784ee390c7a9b0ed9c8322'},toxic
{'toxic_836e979e8c6b4c25ab5bba8cedd30c9c.wav'},{'836e979e8c6b4c25ab5bba8cedd30c9c'},toxic
{'toxic_2b0aef1c52254ca99ce0578fd745466c.wav'},{'2b0aef1c52254ca99ce0578fd745466c'},toxic
{'toxic_c19262b54cb84072824da70258ab3564.wav'},{'c19262b54cb84072824da70258ab3564'},toxic
{'toxic_277429f19bc244f38678fa18059294be.wav'},{'277429f19bc244f38678fa18059294be'},toxic
{'toxic_9c4ae421d848491388bb15115d349055.wav'},{'9c4ae421d848491388bb15115d349055'},toxic
{'toxic_56a0b394c21843bda2325dc570c2acbf.wav'},{'56a0b394c21843bda2325dc570c2acbf'},toxic
{'toxic_c26bb98f9bf24e4a9d59829ffdbd9e35.wav'},{'c26bb98f9bf24e4a9d59829ffdbd9e35'},toxic
{'toxic_5ccd880400df4d4282ba3416075f5321.wav'},{'5ccd880400df4d4282ba3416075f5321'},toxic
{'toxic_d484bd1abfff49dcb0551c67ebeace24.wav'},{'d484bd1abfff49dcb0551c67ebeace24'},toxic
{'toxic_e141d5b2e73b4ab68f40ef3779fe0589.wav'},{'e141d5b2e73b4ab68f40ef3779fe0589'},toxic
{'toxic_f951e61ade944d7280a45155cf794757.wav'},{'f951e61ade944d7280a45155cf794757'},toxic
{'toxic_f16e164d2bbf48d686b208cdb90f2121.wav'},{'f16e164d2bbf48d686b208cdb90f2121'},toxic
{'toxic_0a5201b4b1c54727b1633f085e60c3fc.wav'},{'0a5201b4b1c54727b1633f085e60c3fc'},toxic
{'toxic_b08f8b0d6fe8485c93439bca48a09264.wav'},{'b08f8b0d6fe8485c93439bca48a09264'},toxic
{'toxic_1b16bd0e2f384d1c9597642be1024a10.wav'},{'1b16bd0e2f384d1c9597642be1024a10'},toxic
{'toxic_bcced6e04c0b4e18aa8e3eedb8f576ea.wav'},{'bcced6e04c0b4e18aa8e3eedb8f576ea'},toxic
{'toxic_292f025d6e8f4cd5a7347a4af86687d3.wav'},{'292f025d6e8f4cd5a7347a4af86687d3'},toxic
{'toxic_6b2ff366024c49e9885d64d9accd1602.wav'},{'6b2ff366024c49e9885d64d9accd1602'},toxic
{'toxic_e274313f8a3a4bfb8b0ccce2518528a9.wav'},{'e274313f8a3a4bfb8b0ccce2518528a9'},toxic
{'toxic_8e52362fe8ce4a878c78c69107ec1c57.wav'},{'8e52362fe8ce4a878c78c69107ec1c57'},toxic
{'toxic_2c45b82ce69a405eb6758fb9c8d960ae.wav'},{'2c45b82ce69a405eb6758fb9c8d960ae'},toxic
{'toxic_9fea043caaa043b5a646d956bcba633a.wav'},{'9fea043caaa043b5a646d956bcba633a'},toxic
{'toxic_bde0db56593a4759a6967dd62637fbf4.wav'},{'bde0db56593a4759a6967dd62637fbf4'},toxic
{'toxic_33429f2f2826433b99cfe4dc81a464d3.wav'},{'33429f2f2826433b99cfe4dc81a464d3'},toxic
{'toxic_a457428c5b284c019760861aef68de5f.wav'},{'a457428c5b284c019760861aef68de5f'},toxic
{'toxic_925237eafb5542eaa976e79bb4f5bd9c.wav'},{'925237eafb5542eaa976e79bb4f5bd9c'},toxic
{'toxic_ff722991ea6d478582b376d9a7bee9e2.wav'},{'ff722991ea6d478582b376d9a7bee9e2'},toxic
{'toxic_f3a37c380bb14545b50e623cecc6411c.wav'},{'f3a37c380bb14545b50e623cecc6411c'},toxic
{'toxic_1648af61b2014a05967d6de99bfe35a5.wav'},{'1648af61b2014a05967d6de99bfe35a5'},toxic
{'toxic_0b96e3bbcae9436c89d4f960bcbd3675.wav'},{'0b96e3bbcae9436c89d4f960bcbd3675'},toxic
{'toxic_21da2b8b4d1e4d5f9ce957bf04a32fa9.wav'},{'21da2b8b4d1e4d5f9ce957bf04a32fa9'},toxic
{'toxic_559acef767f749ee924a06302d9aaf71.wav'},{'559acef767f749ee924a06302d9aaf71'},toxic
{'toxic_5b5ec524674d4171812cbe6ccca6f830.wav'},{'5b5ec524674d4171812cbe6ccca6f830'},toxic
{'toxic_e8990735a18346b8b31de960469f5c4c.wav'},{'e8990735a18346b8b31de960469f5c4c'},toxic
{'toxic_24eeffa145df46b8998d321e13bb3fb6.wav'},{'24eeffa145df46b8998d321e13bb3fb6'},toxic
{'toxic_981b7b6fbaf842a8869d78eec66256d9.wav'},{'981b7b6fbaf842a8869d78eec66256d9'},toxic
{'toxic_e8d501a9f9144f83ab87fed07bcc7215.wav'},{'e8d501a9f9144f83ab87fed07bcc7215'},toxic
{'toxic_d8dbc563b3a341ca8709681c6dd2d27e.wav'},{'d8dbc563b3a341ca8709681c6dd2d27e'},toxic
{'toxic_bbab88ec18174b5d8a320e6f870c0854.wav'},{'bbab88ec18174b5d8a320e6f870c0854'},toxic
{'toxic_b97cc6091e204dd5bbdf615e2ca9dc71.wav'},{'b97cc6091e204dd5bbdf615e2ca9dc71'},toxic
{'toxic_c406d788bbe349e7be2b307c2a4db158.wav'},{'c406d788bbe349e7be2b307c2a4db158'},toxic
{'toxic_2106da3c14a643d2ae543d39e8644c14.wav'},{'2106da3c14a643d2ae543d39e8644c14'},toxic
{'toxic_072a198e03e042adb18a2bcb19323c55.wav'},{'072a198e03e042adb18a2bcb19323c55'},toxic
{'toxic_00bf367f7f474a2598c831aaf6fc9543.wav'},{'00bf367f7f474a2598c831aaf6fc9543'},toxic
{'toxic_8c0d8e98eb42401d93c9e1a47b96c322.wav'},{'8c0d8e98eb42401d93c9e1a47b96c322'},toxic
{'toxic_202964e87d524786a43e91583df81eb8.wav'},{'202964e87d524786a43e91583df81eb8'},toxic
{'toxic_c6614198439e4eccb5f0f0d94127c242.wav'},{'c6614198439e4eccb5f0f0d94127c242'},toxic
{'toxic_288c326b320d4bacb8ce7476c898feea.wav'},{'288c326b320d4bacb8ce7476c898feea'},toxic
{'toxic_b378208d3af2476a836a867eb2f8ceb6.wav'},{'b378208d3af2476a836a867eb2f8ceb6'},toxic
{'toxic_45b5a1dd1530429486edc89468078398.wav'},{'45b5a1dd1530429486edc89468078398'},toxic
{'toxic_dad7a02332144db481ecf314bc8b4d4b.wav'},{'dad7a02332144db481ecf314bc8b4d4b'},toxic
{'toxic_2c849c20b6c64bcbba27102878afdbc9.wav'},{'2c849c20b6c64bcbba27102878afdbc9'},toxic
{'toxic_185a4c8547f348d180d07e7c7cefd5f7.wav'},{'185a4c8547f348d180d07e7c7cefd5f7'},toxic
{'toxic_c6df4a7fb1e8464f93baa560e798c7ca.wav'},{'c6df4a7fb1e8464f93baa560e798c7ca'},toxic
{'toxic_99a81e1d458e4b6099705510e9c1846a.wav'},{'99a81e1d458e4b6099705510e9c1846a'},toxic
{'toxic_4c8f7a7327504b91b46c4e37a5ec781e.wav'},{'4c8f7a7327504b91b46c4e37a5ec781e'},toxic
{'toxic_fe9704efaaae43179cc9adfa373f1e07.wav'},{'fe9704efaaae43179cc9adfa373f1e07'},toxic
{'toxic_f4237f6f62c44916b638cb5febbdbe1f.wav'},{'f4237f6f62c44916b638cb5febbdbe1f'},toxic
{'toxic_bc639377c4d547f9880ec1e4f9caab33.wav'},{'bc639377c4d547f9880ec1e4f9caab33'},toxic
{'toxic_172474edfe9f4967b95dbb725fc00cee.wav'},{'172474edfe9f4967b95dbb725fc00cee'},toxic
{'toxic_55b122012cda434da9e371329a7fe0a3.wav'},{'55b122012cda434da9e371329a7fe0a3'},toxic
{'toxic_9369d153cc2f462690af757051be33f1.wav'},{'9369d153cc2f462690af757051be33f1'},toxic
{'toxic_5dc8185588c742758e5cd07d6aea1c66.wav'},{'5dc8185588c742758e5cd07d6aea1c66'},toxic
{'toxic_cfa1e3e3449147ca8b2d108220ccdbd1.wav'},{'cfa1e3e3449147ca8b2d108220ccdbd1'},toxic
{'toxic_4cdb442ffcfe4b83919c79d585a9dbe4.wav'},{'4cdb442ffcfe4b83919c79d585a9dbe4'},toxic
{'toxic_937b6864eba146c2b199cc96b8e974d3.wav'},{'937b6864eba146c2b199cc96b8e974d3'},toxic
{'toxic_5ce54fc6b40b46d98f707a3546dd4a3d.wav'},{'5ce54fc6b40b46d98f707a3546dd4a3d'},toxic
{'toxic_09d3896317f24117b90a2ef36cb42d7e.wav'},{'09d3896317f24117b90a2ef36cb42d7e'},toxic
{'toxic_acce3fab722641d282d02a0a00d95ec7.wav'},{'acce3fab722641d282d02a0a00d95ec7'},toxic
{'toxic_ee5b69ae11de4d638db83eaab406e14b.wav'},{'ee5b69ae11de4d638db83eaab406e14b'},toxic
{'toxic_4ee1c0b2b3d64a6b98592522c01a7abb.wav'},{'4ee1c0b2b3d64a6b98592522c01a7abb'},toxic
{'toxic_5d7dd1c2d7724968a831aaf4fe8123e7.wav'},{'5d7dd1c2d7724968a831aaf4fe8123e7'},toxic
{'toxic_9f16d497e1b043b4ae55097b520911e2.wav'},{'9f16d497e1b043b4ae55097b520911e2'},toxic
{'toxic_5a7a23ac14674400820a0b4571e8daab.wav'},{'5a7a23ac14674400820a0b4571e8daab'},toxic
{'toxic_54914c302cf3409eac540d6787c3093b.wav'},{'54914c302cf3409eac540d6787c3093b'},toxic
{'toxic_6cf8c2a70e304f8eb81c0043d4879cd3.wav'},{'6cf8c2a70e304f8eb81c0043d4879cd3'},toxic
{'toxic_ad0f8afb2ccf480fb6cdb1c8f9555d00.wav'},{'ad0f8afb2ccf480fb6cdb1c8f9555d00'},toxic
{'toxic_aef855c9e7c0488097eeaa66714cee9c.wav'},{'aef855c9e7c0488097eeaa66714cee9c'},toxic
{'toxic_5f2dafbbe52146e88fe986d01ba3c184.wav'},{'5f2dafbbe52146e88fe986d01ba3c184'},toxic
{'toxic_a2463c87b685402480a8d826e7a5aadf.wav'},{'a2463c87b685402480a8d826e7a5aadf'},toxic
{'toxic_c37de0bb0a754b90b94d704e3e6502cf.wav'},{'c37de0bb0a754b90b94d704e3e6502cf'},toxic
{'toxic_a9e7463343424855be5f8d5510daa3f0.wav'},{'a9e7463343424855be5f8d5510daa3f0'},toxic
{'toxic_d605c17b4c784d3680f50ff14f594683.wav'},{'d605c17b4c784d3680f50ff14f594683'},toxic
{'toxic_922efa2ce4fe4c1a94ac267c1f80ab38.wav'},{'922efa2ce4fe4c1a94ac267c1f80ab38'},toxic
{'toxic_572922a6e6f649a7adbece12286f28a0.wav'},{'572922a6e6f649a7adbece12286f28a0'},toxic
{'toxic_e5b6123a97cb45379c08c36e5fcdf583.wav'},{'e5b6123a97cb45379c08c36e5fcdf583'},toxic
{'toxic_0f8ed30c74124c74811829e633517b97.wav'},{'0f8ed30c74124c74811829e633517b97'},toxic
{'toxic_f107e86d3143404485ea13b1dad95581.wav'},{'f107e86d3143404485ea13b1dad95581'},toxic
{'toxic_88e6e06afe474186bd02caa9564d43bb.wav'},{'88e6e06afe474186bd02caa9564d43bb'},toxic
{'toxic_da2ed06dda75425abdc56efb04a89e01.wav'},{'da2ed06dda75425abdc56efb04a89e01'},toxic
{'toxic_0d77c3fd8f6b475e8a9e3c771fae48f5.wav'},{'0d77c3fd8f6b475e8a9e3c771fae48f5'},toxic
{'toxic_1314afaa77524a629cfc025c5e2f1246.wav'},{'1314afaa77524a629cfc025c5e2f1246'},toxic
{'toxic_8b3720a99e2743e1a27c1502f00dced7.wav'},{'8b3720a99e2743e1a27c1502f00dced7'},toxic
{'toxic_e7f713ba05c0464f82145264646ec6e7.wav'},{'e7f713ba05c0464f82145264646ec6e7'},toxic
{'toxic_38773b95b746491099b57c4b17842974.wav'},{'38773b95b746491099b57c4b17842974'},toxic
{'toxic_3385dd2539c541309a8d345fe354a480.wav'},{'3385dd2539c541309a8d345fe354a480'},toxic
{'toxic_e621fb59bf01452e88482d83bf0203a9.wav'},{'e621fb59bf01452e88482d83bf0203a9'},toxic
